Product No,Product Name,Product Remark,Unit price,Category name,Sub category Name,
222,Manchester Red,extra chiness,200,Main Course,Foods/Beverages,
01-02-00003-0,BOH DOUBLR CHAMBER,1x50S,7.6,11758,Foods/Beverages,Foods/Beverages
,,,,,,
01-02-00004-0,BOH DOUBLR CHAMBER,1x100S,12.7,11758,Foods/Beverages,Foods/Beverages
,,,,,,
01-02-00007-0,BOH POTBAG,1x40S,5,11758,Foods/Beverages,Foods/Beverages
,,,,,,
01-02-00008-0,BOH POTBAG,1x80S,8.5,11758,Foods/Beverages,Foods/Beverages
,,,,,,
01-02-00010-0,BOH PACKET TEA,1x50G,1.6,11758,Foods/Beverages,Foods/Beverages
,,,,,,
01-02-00011-0,BOH PACKET TEA,1x100G,2.9,11758,Foods/Beverages,Foods/Beverages
,,,,,,
01-02-00012-0,BOH PACKET TEA,1x250G,6.3,11758,Foods/Beverages,Foods/Beverages
,,,,,,
01-02-00013-0,BOH PACKET TEA,1x500G,11.4,11758,Foods/Beverages,Foods/Beverages
,,,,,,
01-03-00025-0,NESCAFE CLASSIC JAR,1x100G,12.5,11758,Foods/Beverages,Foods/Beverages
,,,,,,
01-03-00028-0,NESCAFE CLASSIC (REFILL),1x200G,16.5,11758,Foods/Beverages,Foods/Beverages
,,,,,,
01-03-00032-0,NESCAFE CLASSIC JAR,1x50G,6.8,11758,Foods/Beverages,Foods/Beverages
,,,,,,
01-03-00034-0,NESCAFE CLASSIC (REFILL),1x300G,22.9,11758,Foods/Beverages,Foods/Beverages
,,,,,,
01-03-00039-0,NESCAFE GOLD,1x200G,34.5,11758,Foods/Beverages,Foods/Beverages
,,,,,,
01-03-00196-1,AH HUAT WHITE COFFEE (CLASSIC)  RM10.90,15x30G,10.9,11758,Foods/Beverages,Foods/Beverages
,,,,,,
01-03-00198-1,AH HUAT WHITE COFFEE (NO SUGAR),15x20G,13.5,11758,Foods/Beverages,Foods/Beverages
,,,,,,
01-03-00199-1,AH HUAT WHITE COFFEE (EXTRA RICH),15x40G,13.5,11758,Foods/Beverages,Foods/Beverages
,,,,,,
01-04-00003-0,SUNQUICK (BLACKCURRANT),1x330ML,6.5,11758,Foods/Beverages,Foods/Beverages
,,,,,,
01-04-00004-0,SUNQUICK (MANDARIN),1x330ML,5.6,11758,Foods/Beverages,Foods/Beverages
,,,,,,
01-04-00006-0,SUNQUICK (ORANGE),1x330ML,5.6,11758,Foods/Beverages,Foods/Beverages
,,,,,,
01-04-00007-0,SUNQUICK (TROPIKA),1x330ML,5.6,11758,Foods/Beverages,Foods/Beverages
,,,,,,
01-04-00010-0,SUNQUICK (LEMON),1x840ML,11.9,11758,Foods/Beverages,Foods/Beverages
,,,,,,
01-04-00011-0,SUNQUICK (MANDARIN),1x840ML,11.9,11758,Foods/Beverages,Foods/Beverages
,,,,,,
01-04-00012-0,SUNQUICK (MIX MANGO),1x840ML,11.9,11758,Foods/Beverages,Foods/Beverages
,,,,,,
01-04-00013-0,SUNQUICK (ORANGE),1x840ML,11.9,11758,Foods/Beverages,Foods/Beverages
,,,,,,
01-04-00015-0,SUNQUICK (TROPIKA),1x840ML,11.9,11758,Foods/Beverages,Foods/Beverages
,,,,,,
01-04-00109-0,SUNQUICK (BLACKCURRANT-GOLD),1x840ML,11.9,11758,Foods/Beverages,Foods/Beverages
,,,,,,
01-04-00194-0,SUNQUICK (LEMON ICE TEA),1x840ML,11.9,11758,Foods/Beverages,Foods/Beverages
,,,,,,
01-04-00195-0,SUNQUICK (P.GUAVA+STRAWBERRY),1x840ML,12.9,11758,Foods/Beverages,Foods/Beverages
,,,,,,
01-09-00003-1,YEO'S PACKET (SOYA BEAN),6x250ML,5.2,11758,Foods/Beverages,Foods/Beverages
,,,,,,
01-09-00004-1,YEO'S PACKET (CHRYSANTHEMUM TEA),6x250ML,5.2,11758,Foods/Beverages,Foods/Beverages
,,,,,,
01-09-00006-1,YEO'S PACKET (LYCHEE),6x250ML,5.2,11758,Foods/Beverages,Foods/Beverages
,,,,,,
01-09-00008-1,YEO'S PACKET (SUGAR CANE),6x250ML,5.2,11758,Foods/Beverages,Foods/Beverages
,,,,,,
01-09-00009-1,YEO'S PACKET (ICE LEMON TEA),6x250ML,5.2,11758,Foods/Beverages,Foods/Beverages
,,,,,,
01-09-00012-0,YEO'S PACKET (SOYA BEAN),1x1L,2.8,11758,Foods/Beverages,Foods/Beverages
,,,,,,
01-09-00014-0,YEO'S PACKET (CHRYSANTHEMUM TEA),1x1L,2.8,11758,Foods/Beverages,Foods/Beverages
,,,,,,
01-09-00015-0,YEO'S PACKET (WINTER MELON TEA),1x1L,2.8,11758,Foods/Beverages,Foods/Beverages
,,,,,,
01-09-00016-0,YEO'S PACKET (LYCHEE),1x1L,2.8,11758,Foods/Beverages,Foods/Beverages
,,,,,,
01-09-00018-0,YEO'S PACKET (ICE LEMON TEA),1x1L,2.8,11758,Foods/Beverages,Foods/Beverages
,,,,,,
01-09-00029-1,MARIGOLD ASIAN DRK (ICE LEMON TEA),6x250ML,4.5,11758,Foods/Beverages,Foods/Beverages
,,,,,,
01-09-00030-1,MARIGOLD ASIAN DRK (LYCHEE),6x250ML,4.5,11758,Foods/Beverages,Foods/Beverages
,,,,,,
01-09-00032-1,MARIGOLD ASIAN DRK (SOYA BEAN),6x250ML,4.5,11758,Foods/Beverages,Foods/Beverages
,,,,,,
01-09-00051-1,YEO'S PACKET (GREEN TEA),6x250ML,5.2,11758,Foods/Beverages,Foods/Beverages
,,,,,,
01-09-00060-0,DRINHO SOYA BEAN MILK,1x1L,2.65,11758,Foods/Beverages,Foods/Beverages
,,,,,,
01-09-00062-0,DRINHO CHRYSANTHEMUN TEA,1x1L,2.65,11758,Foods/Beverages,Foods/Beverages
,,,,,,
01-09-00063-0,DRINHO LYCHEE,1x1L,2.65,11758,Foods/Beverages,Foods/Beverages
,,,,,,
01-09-00064-1,DRINHO ICE LEMON TEA,6x250ML,4.5,11758,Foods/Beverages,Foods/Beverages
,,,,,,
01-09-00065-1,DRINHO LYCHEE,6x250ML,4.5,11758,Foods/Beverages,Foods/Beverages
,,,,,,
01-09-00069-1,DRINHO ORANGE,6x250ML,4.7,11758,Foods/Beverages,Foods/Beverages
,,,,,,
01-09-00072-1,DRINHO SOYA BEAN MILK,6x250ML,4.5,11758,Foods/Beverages,Foods/Beverages
,,,,,,
01-09-00074-1,DRINHO SUGAR CANE,6x250ML,4.5,11758,Foods/Beverages,Foods/Beverages
,,,,,,
01-09-00101-1,DRINHO MANGO,6x250ML,4.7,11758,Foods/Beverages,Foods/Beverages
,,,,,,
01-09-00114-1,POKKA (JASMINE GREEN TEA),6x250ML,5.8,11758,Foods/Beverages,Foods/Beverages
,,,,,,
01-09-00183-0,DRINHO ICE LEMON TEA,1x1L,2.65,11758,Foods/Beverages,Foods/Beverages
,,,,,,
01-09-00225-1,SEASONS (LYCHEE),6x250ML,4.7,11758,Foods/Beverages,Foods/Beverages
,,,,,,
01-09-00241-0,WANT WANT MILK BEVERAGE,1x(125ML*4),7.9,11758,Foods/Beverages,Foods/Beverages
,,,,,,
01-11-00017-1,MILO 3IN1 ACTIG-E +3S,20x(33G*18S),13.9,11758,Foods/Beverages,Foods/Beverages
,,,,,,
01-11-00043-0,HORLICKS (ASLI),1x200G,7.9,11758,Foods/Beverages,Foods/Beverages
,,,,,,
01-11-00046-0,HORLICKS (ASLI),1x400G,12.9,11758,Foods/Beverages,Foods/Beverages
,,,,,,
01-11-00047-0,HORLICKS (ASLI) JAR,1x440G,15.9,11758,Foods/Beverages,Foods/Beverages
,,,,,,
01-11-00049-1,HORLICKS 3 IN 1 (ORIGINAL),10x28G,11.3,11758,Foods/Beverages,Foods/Beverages
,,,,,,
01-11-00104-0,MILO ACTIG-GO  (RM4.80),1x200G,4.8,11758,Foods/Beverages,Foods/Beverages
,,,,,,
01-11-00108-0,MILO ACTIG-E,1x2KG,32.99,11758,Foods/Beverages,Foods/Beverages
,,,,,,
01-11-00143-0,MILO 3IN1 ACTIG-GO (JIMATRM1.50),1x(33G*18S),13.2,11758,Foods/Beverages,Foods/Beverages
,,,,,,
01-11-00144-0,MILO 3IN1 ACTIG-GO,1x(33G*30),21.9,11758,Foods/Beverages,Foods/Beverages
,,,,,,
01-11-00158-0,MILO 3IN1 ACTIG-E,1x(33G*8),7.1,11758,Foods/Beverages,Foods/Beverages
,,,,,,
01-11-00185-0,MILO ACTIG-E (+80G),1x400G,7.99,11758,Foods/Beverages,Foods/Beverages
,,,,,,
01-11-00412-0,MENGNIU YOGURT DRINK ASST,1x230G,5.5,11758,Foods/Beverages,Foods/Beverages
,,,,,,
01-11-00413-0,HOMESOY SWEET CORN PP,1x300ML,1.7,11758,Foods/Beverages,Foods/Beverages
,,,,,,
01-11-00414-0,HOMESOY SWEET CORN PP,1x750ML,3.6,11758,Foods/Beverages,Foods/Beverages
,,,,,,
,,,,,,
,,,,,,
02-01-00002-0,AYAM PINEAPPLE CUBES,1x454G,5,11759,Kitchen,CANNED FOOD / TUB / BOTTLED / PACKET
,,,,,,
02-01-00005-0,AYAM PINEAPPLE CHUNKS CUBES,1x565G,5.9,11759,Kitchen,CANNED FOOD / TUB / BOTTLED / PACKET
,,,,,,
02-01-00007-0,AYAM PINEAPPLE CUBES (EOE),1x425G,5,11759,Kitchen,CANNED FOOD / TUB / BOTTLED / PACKET
,,,,,,
02-01-00009-0,GOODLUCK FRUIT COCKTAIL,1x850G,7.1,11759,Kitchen,CANNED FOOD / TUB / BOTTLED / PACKET
,,,,,,
02-01-00011-0,MOONLIGHT FRUIT COCKTAIL,1x836G,6.8,11759,Kitchen,CANNED FOOD / TUB / BOTTLED / PACKET
,,,,,,
02-01-00024-0,PEACE RAMBUTAN WITH PINEAPPLE,1x565G,9.9,11759,Kitchen,CANNED FOOD / TUB / BOTTLED / PACKET
,,,,,,
02-01-00034-0,PEACE KING LYCHEE,1x565G,8.2,11759,Kitchen,CANNED FOOD / TUB / BOTTLED / PACKET
,,,,,,
02-01-00036-0,GOODLUCK FRUIT COCKTAIL,1x565G,4.6,11759,Kitchen,CANNED FOOD / TUB / BOTTLED / PACKET
,,,,,,
02-01-00038-0,PEACE CLING PEACH HALVES IN SYRUP,1x822G,7.6,11759,Kitchen,CANNED FOOD / TUB / BOTTLED / PACKET
,,,,,,
02-01-00041-0,HOSEN HONEY SEA COCONUT,1x565G,7.9,11759,Kitchen,CANNED FOOD / TUB / BOTTLED / PACKET
,,,,,,
02-01-00044-0,HOSEN FRUIT COCKTAIL FIESTA,1x836G,5.9,11759,Kitchen,CANNED FOOD / TUB / BOTTLED / PACKET
,,,,,,
02-01-00046-0,HOSEN PINEAPPLE SLICES,1x565G,4.9,11759,Kitchen,CANNED FOOD / TUB / BOTTLED / PACKET
,,,,,,
02-01-00047-0,HOSEN PINEAPPLE CUBES,1x565G,4.8,11759,Kitchen,CANNED FOOD / TUB / BOTTLED / PACKET
,,,,,,
02-01-00049-0,HOSEN LYCHEE,1x565G,7.9,11759,Kitchen,CANNED FOOD / TUB / BOTTLED / PACKET
,,,,,,
02-01-00050-0,HOSEN LONGAN,1x565G,6.9,11759,Kitchen,CANNED FOOD / TUB / BOTTLED / PACKET
,,,,,,
02-01-00052-0,HOSEN RAMBUTAN,1x565G,7.9,11759,Kitchen,CANNED FOOD / TUB / BOTTLED / PACKET
,,,,,,
02-01-00064-0,FERRY LONGAN,1x565G,6.9,11759,Kitchen,CANNED FOOD / TUB / BOTTLED / PACKET
,,,,,,
02-01-00066-0,MOONLIGHT LONGAN THAI,1x565G,6.5,11759,Kitchen,CANNED FOOD / TUB / BOTTLED / PACKET
,,,,,,
02-01-00068-0,FRUITLAND LYCHEES,1x565G,4.2,11759,Kitchen,CANNED FOOD / TUB / BOTTLED / PACKET
,,,,,,
02-02-00004-0,NAR.SPICED PORK CUBES,1x142G,8.8,11759,Kitchen,CANNED FOOD / TUB / BOTTLED / PACKET
,,,,,,
02-02-00009-0,REX CURRY CHICKEN,1x280G,5.2,11759,Kitchen,CANNED FOOD / TUB / BOTTLED / PACKET
,,,,,,
02-02-00011-0,YEO'S CURRY CHICKEN (S),1x145G,3.5,11759,Kitchen,CANNED FOOD / TUB / BOTTLED / PACKET
,,,,,,
02-02-00012-0,YEO'S CURRY CHICKEN (M),1x280G,4.9,11759,Kitchen,CANNED FOOD / TUB / BOTTLED / PACKET
,,,,,,
02-02-00013-0,YEO'S CURRY CHICKEN (L),1x405G,6.5,11759,Kitchen,CANNED FOOD / TUB / BOTTLED / PACKET
,,,,,,
02-02-00055-0,REX CURRY CHICKEN,1x160G,3.3,11759,Kitchen,CANNED FOOD / TUB / BOTTLED / PACKET
,,,,,,
02-02-00057-0,YEO'S CHICKEN  KURMA,1x285G,5.5,11759,Kitchen,CANNED FOOD / TUB / BOTTLED / PACKET
,,,,,,
02-03-00040-0,BOTAN MACKEREL IN TOMATO SAUCE,1x425G,7.1,11759,Kitchen,CANNED FOOD / TUB / BOTTLED / PACKET
,,,,,,
02-03-00041-0,BOTAN SARDINE,1x155G,3.3,11759,Kitchen,CANNED FOOD / TUB / BOTTLED / PACKET
,,,,,,
02-03-00042-0,BOTAN SARDINE,1x230G,4.1,11759,Kitchen,CANNED FOOD / TUB / BOTTLED / PACKET
,,,,,,
02-03-00043-0,BOTAN SARDINE,1x425G,7.1,11759,Kitchen,CANNED FOOD / TUB / BOTTLED / PACKET
,,,,,,
02-03-00047-0,RANESA MACKEREL IN TOMATO SAUSE(GREEN),1x425G,4.35,11759,Kitchen,CANNED FOOD / TUB / BOTTLED / PACKET
,,,,,,
02-03-00049-0,REX CUTTLEFISH,1x170G,6.2,11759,Kitchen,CANNED FOOD / TUB / BOTTLED / PACKET
,,,,,,
02-03-00050-0,REX CUTTLEFISH,1x425G,12.9,11759,Kitchen,CANNED FOOD / TUB / BOTTLED / PACKET
,,,,,,
02-05-00023-0,FEI YAN PAI MUSHROOM,1x425G,2.9,11759,Kitchen,CANNED FOOD / TUB / BOTTLED / PACKET
,,,,,,
02-05-00031-0,NAR.BRAISED PEANUTS,1x170G,3.15,11759,Kitchen,CANNED FOOD / TUB / BOTTLED / PACKET
,,,,,,
02-05-00032-0,NAR.PICKLED LETTUCE,1x170G,3.25,11759,Kitchen,CANNED FOOD / TUB / BOTTLED / PACKET
,,,,,,
02-05-00033-0,NAR.WHOLE MUSHROOM,1x400G,3.9,11759,Kitchen,CANNED FOOD / TUB / BOTTLED / PACKET
,,,,,,
02-05-00034-0,PEACE VEG PICKLE MUSTARD GREEN,1x140G,2.5,11759,Kitchen,CANNED FOOD / TUB / BOTTLED / PACKET
,,,,,,
02-05-00037-0,TIANJIN PRESERVED VEGETABLE,1x300G,3.2,11759,Kitchen,CANNED FOOD / TUB / BOTTLED / PACKET
,,,,,,
02-05-00040-0,TST GREEN PEAS,1x230G,2.1,11759,Kitchen,CANNED FOOD / TUB / BOTTLED / PACKET
,,,,,,
02-05-00041-0,TST GREEN PEAS,1x425G,2.95,11759,Kitchen,CANNED FOOD / TUB / BOTTLED / PACKET
,,,,,,
02-05-00045-0,YEO'S SWEET CORN CREAM STYLE,1x425G,3.2,11759,Kitchen,CANNED FOOD / TUB / BOTTLED / PACKET
,,,,,,
02-05-00090-0,HOSEN STRAW MUSHROOM UNPEEL WHOLE,1x425G,3.4,11759,Kitchen,CANNED FOOD / TUB / BOTTLED / PACKET
,,,,,,
02-05-00091-0,HOSEN GREEN BEAN,1x397G,2.5,11759,Kitchen,CANNED FOOD / TUB / BOTTLED / PACKET
,,,,,,
02-05-00092-0,HOSEN WHOLE MUSHROOM,1x425G,3.5,11759,Kitchen,CANNED FOOD / TUB / BOTTLED / PACKET
,,,,,,
02-05-00093-0,HOSEN BAKED BEANS,1x425G,2.7,11759,Kitchen,CANNED FOOD / TUB / BOTTLED / PACKET
,,,,,,
02-05-00094-0,HOSEN YOUNG CORN SPEAR,1x425G,3.2,11759,Kitchen,CANNED FOOD / TUB / BOTTLED / PACKET
,,,,,,
02-05-00095-0,HOSEN WHOLE KERNEL CORN,1x400G,2.7,11759,Kitchen,CANNED FOOD / TUB / BOTTLED / PACKET
,,,,,,
02-05-00096-0,HOSEN CREAM STYLED CORN,1x425G,2.75,11759,Kitchen,CANNED FOOD / TUB / BOTTLED / PACKET
,,,,,,
02-05-00102-0,REX RED KIDNRY BEANS,1x425G,3.15,11759,Kitchen,CANNED FOOD / TUB / BOTTLED / PACKET
,,,,,,
,,,,,,
,,,,,,
03-02-00006-0,ANLENE REGULAR(REFILL),1x1KG,33.3,11760,Foods/Beverages,MILK FORMULA/DRINK/SOYA POWDER
,,,,,,
03-02-00010-0,ANLENE GOLD (REFILL),1x600G,22.9,11760,Foods/Beverages,MILK FORMULA/DRINK/SOYA POWDER
,,,,,,
03-02-00012-0,ANMUM MATERNA (PLAIN),1x650G,37.6,11760,Foods/Beverages,MILK FORMULA/DRINK/SOYA POWDER
,,,,,,
03-02-00016-0,DUGRO 3 (1-3YRS) (REG),1x550G,18.6,11760,Foods/Beverages,MILK FORMULA/DRINK/SOYA POWDER
,,,,,,
03-02-00023-0,DUGRO 4 (3-6YRS) (CHOC),1x900G,18.9,11760,Foods/Beverages,MILK FORMULA/DRINK/SOYA POWDER
,,,,,,
03-02-00024-0,DUGRO 4 (3-6YRS) (REG),1x550G,18.6,11760,Foods/Beverages,MILK FORMULA/DRINK/SOYA POWDER
,,,,,,
03-02-00030-0,DUGRO 5 (6+YRS) (REG),1x850G,23.5,11760,Foods/Beverages,MILK FORMULA/DRINK/SOYA POWDER
,,,,,,
03-02-00040-0,ANMUM LACTA,1x650G,37.55,11760,Foods/Beverages,MILK FORMULA/DRINK/SOYA POWDER
,,,,,,
03-02-00045-0,EVERYDAY FMP MILK POWDER,1x300G,11.2,11760,Foods/Beverages,MILK FORMULA/DRINK/SOYA POWDER
,,,,,,
03-02-00046-0,NESPRAY CERGAS MILK POWDER,1x550G,18.6,11760,Foods/Beverages,MILK FORMULA/DRINK/SOYA POWDER
,,,,,,
03-02-00048-0,NESPRAY CERGAS MILK POWDER,1x300G,10.9,11760,Foods/Beverages,MILK FORMULA/DRINK/SOYA POWDER
,,,,,,
03-02-00063-0,LACTOGEN 1,1x650G,24.9,11760,Foods/Beverages,MILK FORMULA/DRINK/SOYA POWDER
,,,,,,
03-02-00086-0,ANMUM MATERNA (CHOCOLATE),1x650G,37.6,11760,Foods/Beverages,MILK FORMULA/DRINK/SOYA POWDER
,,,,,,
03-02-00106-0,FERNLEAF FULL CREAM REGULAR,1x1.8KG,48.5,11760,Foods/Beverages,MILK FORMULA/DRINK/SOYA POWDER
,,,,,,
03-02-00110-0,FERNLEAF FAMILY,1x900G,22.6,11760,Foods/Beverages,MILK FORMULA/DRINK/SOYA POWDER
,,,,,,
03-02-00113-0,FERNLEAF 1+(PLAIN),1x900G,23.5,11760,Foods/Beverages,MILK FORMULA/DRINK/SOYA POWDER
,,,,,,
03-02-00114-0,FERNLEAF 1+(HONEY),1x900G,23.5,11760,Foods/Beverages,MILK FORMULA/DRINK/SOYA POWDER
,,,,,,
03-02-00116-0,FERNLEAF 3+(PLAIN),1x900G,23.2,11760,Foods/Beverages,MILK FORMULA/DRINK/SOYA POWDER
,,,,,,
03-02-00117-0,FERNLEAF 3+(HONEY),1x900G,23.2,11760,Foods/Beverages,MILK FORMULA/DRINK/SOYA POWDER
,,,,,,
03-02-00118-0,FERNLEAF 3+(CHOC),1x900G,23.2,11760,Foods/Beverages,MILK FORMULA/DRINK/SOYA POWDER
,,,,,,
03-02-00126-0,SIMILAC INTE-P1 BIB,1x150G,8.8,11760,Foods/Beverages,MILK FORMULA/DRINK/SOYA POWDER
,,,,,,
03-02-00127-0,SIMILAC INTE-P3 BIB,1x300G,15.85,11760,Foods/Beverages,MILK FORMULA/DRINK/SOYA POWDER
,,,,,,
03-02-00131-0,DUGRO 3 (1-3YRS)(CHO),1x900G,18.9,11760,Foods/Beverages,MILK FORMULA/DRINK/SOYA POWDER
,,,,,,
03-02-00137-0,ANLENE REGULAR (CHOCOLATE),1x600G,20.7,11760,Foods/Beverages,MILK FORMULA/DRINK/SOYA POWDER
,,,,,,
03-02-00149-0,DUPRO 1 INFANT FORMULA 0-12 BULAN,1x850G,25.6,11760,Foods/Beverages,MILK FORMULA/DRINK/SOYA POWDER
,,,,,,
03-02-00150-0,DUPRO 1 INFANT FORMULA 0-12 BULAN,1x550G,18.7,11760,Foods/Beverages,MILK FORMULA/DRINK/SOYA POWDER
,,,,,,
03-02-00151-0,DUPRO 1 INFANT FORMULA 0-12 BULAN,1x300G,8.55,11760,Foods/Beverages,MILK FORMULA/DRINK/SOYA POWDER
,,,,,,
03-02-00153-0,DUPRO 2 FOLL-UP FORMULA 6-36 BULAN,1x600G,18.7,11760,Foods/Beverages,MILK FORMULA/DRINK/SOYA POWDER
,,,,,,
03-02-00154-0,DUPRO 2 FOLL-UP FORMULA 6-36 BULAN,1x300G,10,11760,Foods/Beverages,MILK FORMULA/DRINK/SOYA POWDER
,,,,,,
03-02-00180-0,ISOMIL PLUS,1x400G,36.4,11760,Foods/Beverages,MILK FORMULA/DRINK/SOYA POWDER
,,,,,,
03-02-00181-0,ISOMIL PLUS,1x850G,75,11760,Foods/Beverages,MILK FORMULA/DRINK/SOYA POWDER
,,,,,,
03-02-00182-0,ISOMIL,1x400G,35.5,11760,Foods/Beverages,MILK FORMULA/DRINK/SOYA POWDER
,,,,,,
03-02-00183-0,ISOMIL,1x850G,71.9,11760,Foods/Beverages,MILK FORMULA/DRINK/SOYA POWDER
,,,,,,
03-02-00201-0,NESPRAY INSTANT MILK POWDER (+50G),1x600G,22.5,11760,Foods/Beverages,MILK FORMULA/DRINK/SOYA POWDER
,,,,,,
03-02-00202-0,DUTCH LADY PWDR GUM 123 (MADU)RM15.90,1x600G,15.9,11760,Foods/Beverages,MILK FORMULA/DRINK/SOYA POWDER
,,,,,,
03-02-00206-0,DUTCH LADY PWDR GUM 456 (MADU) RM15.90,1x600G,15.9,11760,Foods/Beverages,MILK FORMULA/DRINK/SOYA POWDER
,,,,,,
03-02-00207-0,DUTCH LADY PWDR GUM 456 (BIASA) RM15.90,1x600G,15.9,11760,Foods/Beverages,MILK FORMULA/DRINK/SOYA POWDER
,,,,,,
03-02-00208-0,DUTCH LADY PWDR GUM 123 (MADU),1x900G,21.99,11760,Foods/Beverages,MILK FORMULA/DRINK/SOYA POWDER
,,,,,,
03-02-00209-0,DUTCH LADY PWDR GUM 123(BIASA),1x900G,21.99,11760,Foods/Beverages,MILK FORMULA/DRINK/SOYA POWDER
,,,,,,
03-02-00210-0,DUTCH LADY PWDR GUM 456(COKLAT),1x900G,21.99,11760,Foods/Beverages,MILK FORMULA/DRINK/SOYA POWDER
,,,,,,
03-02-00211-0,DUTCH LADY PWDR GUM 456 (MADU),1x900G,21.99,11760,Foods/Beverages,MILK FORMULA/DRINK/SOYA POWDER
,,,,,,
03-02-00212-0,DUTCH LADY PWDR GUM 456 (BIASA),1x900G,21.99,11760,Foods/Beverages,MILK FORMULA/DRINK/SOYA POWDER
,,,,,,
03-02-00213-0,DUTCH LADY PWDR GUM 123 (COKLAT),1x900G,21.99,11760,Foods/Beverages,MILK FORMULA/DRINK/SOYA POWDER
,,,,,,
03-02-00217-0,FERNLEAF FULL CREAM REGULAR,1x550G,17.9,11760,Foods/Beverages,MILK FORMULA/DRINK/SOYA POWDER
,,,,,,
03-02-00219-0,FERNLEAF FAMILY,1x1.8KG,41.5,11760,Foods/Beverages,MILK FORMULA/DRINK/SOYA POWDER
,,,,,,
03-02-00224-0,FERNLEAF INSTANT,1x550G,16.4,11760,Foods/Beverages,MILK FORMULA/DRINK/SOYA POWDER
,,,,,,
03-02-00228-0,ANLENE GOLD(REFILL),1x1KG,36.5,11760,Foods/Beverages,MILK FORMULA/DRINK/SOYA POWDER
,,,,,,
03-02-00229-0,FERNLEAF FAMILY,1x550G,14.9,11760,Foods/Beverages,MILK FORMULA/DRINK/SOYA POWDER
,,,,,,
03-02-00230-0,FERNLEAF INSTANT,1x1.1KG,28.8,11760,Foods/Beverages,MILK FORMULA/DRINK/SOYA POWDER
,,,,,,
03-02-00231-0,ANLENE REGULAR (REFILL),1x600G,20.7,11760,Foods/Beverages,MILK FORMULA/DRINK/SOYA POWDER
,,,,,,
03-02-00233-0,NESTLE OMEGA PLUS +100G,1x1KG,43.9,11760,Foods/Beverages,MILK FORMULA/DRINK/SOYA POWDER
,,,,,,
03-02-00236-0,DUTCH LADY FULL CREAM,1x600G,18.2,11760,Foods/Beverages,MILK FORMULA/DRINK/SOYA POWDER
,,,,,,
03-02-00237-0,FRISOLAC LANGKAH 1,1x900G,112,11760,Foods/Beverages,MILK FORMULA/DRINK/SOYA POWDER
,,,,,,
03-02-00239-0,FRISOLAC GOLD LANGKAH 3,1x900G,71.6,11760,Foods/Beverages,MILK FORMULA/DRINK/SOYA POWDER
,,,,,,
03-02-00240-0,FRISOLAC GOLD LANGKAH 4,1x900G,62.5,11760,Foods/Beverages,MILK FORMULA/DRINK/SOYA POWDER
,,,,,,
03-02-00252-0,NESTLE OMEGA PLUS,1x600G,28.7,11760,Foods/Beverages,MILK FORMULA/DRINK/SOYA POWDER
,,,,,,
03-02-00260-0,DUGRO 4 (3-6YRS) (FRUIT&VEG),1x850G,28.5,11760,Foods/Beverages,MILK FORMULA/DRINK/SOYA POWDER
,,,,,,
03-02-00270-0,FRISOLAC LANGKAH 2,1x600G,67.9,11760,Foods/Beverages,MILK FORMULA/DRINK/SOYA POWDER
,,,,,,
03-02-00271-0,FRISOLAC LANGKAH 1,1x600G,72.9,11760,Foods/Beverages,MILK FORMULA/DRINK/SOYA POWDER
,,,,,,
03-02-00283-0,DUTCH LADY INS MILK POWDER PLAIN,1x600G,16.6,11760,Foods/Beverages,MILK FORMULA/DRINK/SOYA POWDER
,,,,,,
03-02-00299-0,DUGRO 3 (1-3YRS) (FRUIT&VEG),1x850G,28.5,11760,Foods/Beverages,MILK FORMULA/DRINK/SOYA POWDER
,,,,,,
03-02-00300-0,DUGRO 5 (6+YRS) (FRUIT&VEG),1x900G,28.5,11760,Foods/Beverages,MILK FORMULA/DRINK/SOYA POWDER
,,,,,,
03-02-00304-0,EVERYDAY FMP MILK POWDER,1x550G,18.9,11760,Foods/Beverages,MILK FORMULA/DRINK/SOYA POWDER
,,,,,,
03-02-00305-0,DUTCH LADY INS MILK POWDER HONEY,1x600G,16.6,11760,Foods/Beverages,MILK FORMULA/DRINK/SOYA POWDER
,,,,,,
03-02-00306-0,NESTLE OMEGA PLUS +60G,1x600G,29.2,11760,Foods/Beverages,MILK FORMULA/DRINK/SOYA POWDER
,,,,,,
03-02-00310-0,DUGRO 3 (1-3YRS) (HONEY),1x600G,19.5,11760,Foods/Beverages,MILK FORMULA/DRINK/SOYA POWDER
,,,,,,
03-02-00321-0,FRISO GOLD LANGKAH 3,1x600G,42.9,11760,Foods/Beverages,MILK FORMULA/DRINK/SOYA POWDER
,,,,,,
03-02-00323-0,FRISO GOLD LANGKAH 4,1x(400G*3),73.9,11760,Foods/Beverages,MILK FORMULA/DRINK/SOYA POWDER
,,,,,,
03-02-00324-0,FRISO GOLD LANGKAH 3,1x(400G*3),81.5,11760,Foods/Beverages,MILK FORMULA/DRINK/SOYA POWDER
,,,,,,
03-02-00329-0,DUTCH LADY PWDR GUM 6+ (COKLAT),1x900G,21.99,11760,Foods/Beverages,MILK FORMULA/DRINK/SOYA POWDER
,,,,,,
03-02-00334-0,FRISOLAC LANGKAH 2,1x900G,105.5,11760,Foods/Beverages,MILK FORMULA/DRINK/SOYA POWDER
,,,,,,
03-02-00336-0,SIMILAC INTE-P BIB (3/4),1x600G,29.9,11760,Foods/Beverages,MILK FORMULA/DRINK/SOYA POWDER
,,,,,,
03-02-00351-0,FERNLEAF FULL CALCI YUM (VANILLA),1x900G,22.6,11760,Foods/Beverages,MILK FORMULA/DRINK/SOYA POWDER
,,,,,,
03-02-00352-0,FERNLEAF FULL CALCI YUM (CHOC),1x900G,22.6,11760,Foods/Beverages,MILK FORMULA/DRINK/SOYA POWDER
,,,,,,
03-02-00356-0,FERNLEAF FULL CREAM REGULAR,1x900G,26.9,11760,Foods/Beverages,MILK FORMULA/DRINK/SOYA POWDER
,,,,,,
03-02-00360-0,DUPRO SOY INFANT 0-12 BULAN,1x400G,20,11760,Foods/Beverages,MILK FORMULA/DRINK/SOYA POWDER
,,,,,,
03-02-00361-0,DUGRO SOY  1-6 TAHUN,1x400G,20,11760,Foods/Beverages,MILK FORMULA/DRINK/SOYA POWDER
,,,,,,
03-02-00366-0,DUGRO 3 (1-3YRS) (REG),1x300G,10,11760,Foods/Beverages,MILK FORMULA/DRINK/SOYA POWDER
,,,,,,
03-02-00367-0,EVERYDAY FMP MILK POWDER (+200G),1x1.6KG,46.95,11760,Foods/Beverages,MILK FORMULA/DRINK/SOYA POWDER
,,,,,,
03-02-00370-0,ANLENE REG (CHOCOLATE),1x250G,9.35,11760,Foods/Beverages,MILK FORMULA/DRINK/SOYA POWDER
,,,,,,
03-02-00371-0,ANLENE REG (PLAIN),1x250G,9.35,11760,Foods/Beverages,MILK FORMULA/DRINK/SOYA POWDER
,,,,,,
03-02-00372-0,ANLENE GOLD (PLAIN),1x250G,9.9,11760,Foods/Beverages,MILK FORMULA/DRINK/SOYA POWDER
,,,,,,
03-02-00381-0,PEDIASURE COMPLETE (V/C),1x600G,63.99,11760,Foods/Beverages,MILK FORMULA/DRINK/SOYA POWDER
,,,,,,
03-02-00400-0,ENSURE GOLD (V/W/C),1x850G,95.5,11760,Foods/Beverages,MILK FORMULA/DRINK/SOYA POWDER
,,,,,,
03-02-00403-0,ANLENE CAFE LATTE,1x(31G*16S),19.5,11760,Foods/Beverages,MILK FORMULA/DRINK/SOYA POWDER
,,,,,,
03-02-00408-0,ENSURE GOLD BIB (V/C/G T),1x400G,45.9,11760,Foods/Beverages,MILK FORMULA/DRINK/SOYA POWDER
,,,,,,
03-02-00413-0,DUTCH BABY 0-12 BULAN,1x350G,10,11760,Foods/Beverages,MILK FORMULA/DRINK/SOYA POWDER
,,,,,,
03-02-00418-0,DUGRO SURE  ASLI 1-6 TAHUN,1x600G,29.5,11760,Foods/Beverages,MILK FORMULA/DRINK/SOYA POWDER
,,,,,,
03-02-00419-0,DUTCH BABY 0-12 BULAN,1x900G,27.2,11760,Foods/Beverages,MILK FORMULA/DRINK/SOYA POWDER
,,,,,,
03-02-00420-0,DUTCH BABY 0-12 BULAN,1x600G,19.5,11760,Foods/Beverages,MILK FORMULA/DRINK/SOYA POWDER
,,,,,,
03-02-00421-0,DUTCH BABY 6-18 BULAN,1x600G,19.5,11760,Foods/Beverages,MILK FORMULA/DRINK/SOYA POWDER
,,,,,,
03-02-00422-0,DUTCH BABY 6-18 BULAN,1x900G,27.2,11760,Foods/Beverages,MILK FORMULA/DRINK/SOYA POWDER
,,,,,,
03-02-00425-0,DUGRO 4 (3-6YRS) (REG),1x850G,23.5,11760,Foods/Beverages,MILK FORMULA/DRINK/SOYA POWDER
,,,,,,
03-02-00426-0,DUGRO 4 (3-6YRS) (HONEY),1x850G,23.5,11760,Foods/Beverages,MILK FORMULA/DRINK/SOYA POWDER
,,,,,,
03-02-00427-0,DUTCH BABY 6-18 BULAN,1x350G,10,11760,Foods/Beverages,MILK FORMULA/DRINK/SOYA POWDER
,,,,,,
03-02-00428-0,DUTCH LADY PWDR GUM 123 (BIASA),1x350G,11,11760,Foods/Beverages,MILK FORMULA/DRINK/SOYA POWDER
,,,,,,
03-02-00429-0,EVERYDAY MAIT FMP MILK POWDER,1x500G,19,11760,Foods/Beverages,MILK FORMULA/DRINK/SOYA POWDER
,,,,,,
03-03-00002-0,HAPPY GRASS SOFT BEAN CURD POWDER(G),1x150G,5.9,11760,Foods/Beverages,MILK FORMULA/DRINK/SOYA POWDER
,,,,,,
,,,,,,
,,,,,,
06-01-00001-1,A1 BAH KUT TEH NOODLES,4x90G,7.45,11761,Foods/Beverages,NOODLES & PASTA
,,,,,,
06-01-00002-1,A1 EMPEROR HERB CHICK NOODLES,4x90G,7.45,11761,Foods/Beverages,NOODLES & PASTA
,,,,,,
06-01-00011-0,KASAVA FOOD  CLAYPOT YEE MEE,1x340G,3.1,11761,Foods/Beverages,NOODLES & PASTA
,,,,,,
06-01-00012-1,IBUMIE BAA..GUS MI SUP(ONION CHIC),5x75G,3.7,11761,Foods/Beverages,NOODLES & PASTA
,,,,,,
06-01-00014-1,IBUMIE ALWAYS MI GORENG (ASLI),5x80G,4.25,11761,Foods/Beverages,NOODLES & PASTA
,,,,,,
06-01-00017-1,INDOMIE MI-GORENG (HOT&SPICY),5x80G,5.5,11761,Foods/Beverages,NOODLES & PASTA
,,,,,,
06-01-00020-1,IBUMIE BAA..GUS MI SUP (SOTO CHIC),5x75G,3.7,11761,Foods/Beverages,NOODLES & PASTA
,,,,,,
06-01-00021-1,IBUMIE BAA..GUS MI SUP (CURRY),5x75G,3.7,11761,Foods/Beverages,NOODLES & PASTA
,,,,,,
06-01-00022-0,VIT'S FRESH UDON,1x(200G*3),4.9,11761,Foods/Beverages,NOODLES & PASTA
,,,,,,
06-01-00023-0,VIT'S FRESH RAMEN,1x(150G*3),4.9,11761,Foods/Beverages,NOODLES & PASTA
,,,,,,
06-01-00024-1,IBUMIE PENANG HARMEE (SOUP),5x85G,4.5,11761,Foods/Beverages,NOODLES & PASTA
,,,,,,
06-01-00025-1,MAMEE CUP EXPRESS (CURRY),6x60G,7.9,11761,Foods/Beverages,NOODLES & PASTA
,,,,,,
06-01-00026-1,MAMEE CUP EXPRESS (CHICKEN),6x60G,7.9,11761,Foods/Beverages,NOODLES & PASTA
,,,,,,
06-01-00027-1,MAMEE CUP EXPRESS (TOM YAM),6x60G,7.9,11761,Foods/Beverages,NOODLES & PASTA
,,,,,,
06-01-00028-1,MAMEE CUP EXPRESS (VEG),6x60G,7.9,11761,Foods/Beverages,NOODLES & PASTA
,,,,,,
06-01-00029-1,MAMEE PREMIUM (CURRY) RM3.90,5x75G,3.6,11761,Foods/Beverages,NOODLES & PASTA
,,,,,,
06-01-00031-1,MAMEE PREMIUM (VEG) RM3.90,5x75G,3.6,11761,Foods/Beverages,NOODLES & PASTA
,,,,,,
06-01-00033-1,MAMEE PREMIUM (DUCK) RM3.90,5x76G,3.6,11761,Foods/Beverages,NOODLES & PASTA
,,,,,,
06-01-00039-1,MI SEDAAP SOUP (SOTO),5x75G,4.4,11761,Foods/Beverages,NOODLES & PASTA
,,,,,,
06-01-00045-1,MAMEE SLLRRRP (KARI BERAPI),5x81G,5.5,11761,Foods/Beverages,NOODLES & PASTA
,,,,,,
06-01-00046-1,MI SEDAAP MI GORENG (PERISA ASLI),5x91G,4.4,11761,Foods/Beverages,NOODLES & PASTA
,,,,,,
06-01-00049-0,MAMEE SLLRRRP CUP (KARI BERAPI),1x68G,2,11761,Foods/Beverages,NOODLES & PASTA
,,,,,,
06-01-00051-0,MAMEE SLLRRRP CUP (XTRA PEDAS),1x68G,2,11761,Foods/Beverages,NOODLES & PASTA
,,,,,,
06-01-00082-1,CINTAN ASLI  (RM3.95),5x75G,3.95,11761,Foods/Beverages,NOODLES & PASTA
,,,,,,
06-01-00083-1,CINTAN CURRY (RM3.95),5x76G,3.95,11761,Foods/Beverages,NOODLES & PASTA
,,,,,,
06-01-00085-0,XIAMEN CLAY POT MEE SUAH,1x300G,4,11761,Foods/Beverages,NOODLES & PASTA
,,,,,,
06-01-00086-0,XIAMEN LONG LIFE WHEAT VERMICELLI (SHOU),1x250G,3.3,11761,Foods/Beverages,NOODLES & PASTA
,,,,,,
06-01-00087-0,XIAMEN MEE SUAH MI-POH,1x300GM,4.2,11761,Foods/Beverages,NOODLES & PASTA
,,,,,,
06-01-00088-0,XIAMEN MEE SUAH TRADISIONAL,1x300GM,4.2,11761,Foods/Beverages,NOODLES & PASTA
,,,,,,
06-01-00089-0,XIAMEN MEE SUA FLOUR VERMICELLI (PKT),1x300GM,3.3,11761,Foods/Beverages,NOODLES & PASTA
,,,,,,
06-01-00090-0,XIAMEN MEE SOYA TERPILIH,1x230G,2.35,11761,Foods/Beverages,NOODLES & PASTA
,,,,,,
06-01-00091-0,XIAMEN MEE HUEN KUEH,1x200GM,3.5,11761,Foods/Beverages,NOODLES & PASTA
,,,,,,
06-01-00094-1,MAGGI 2MINUTE NOODLE (ASAM LAKSA),5x78G,5,11761,Foods/Beverages,NOODLES & PASTA
,,,,,,
06-01-00095-1,MAGGI 2MINUTE NOODLE (TOM YAM),5x83G,5,11761,Foods/Beverages,NOODLES & PASTA
,,,,,,
06-01-00096-1,MAGGI 2MINUTE NOODLE (CHICKEN),5x77G,4.25,11761,Foods/Beverages,NOODLES & PASTA
,,,,,,
06-01-00101-0,MAGGI HOT CUP CHICKEN,1x56G,1.8,11761,Foods/Beverages,NOODLES & PASTA
,,,,,,
06-01-00102-0,MAGGI HOT CUP CURRY,1x59G,1.8,11761,Foods/Beverages,NOODLES & PASTA
,,,,,,
06-01-00109-0,MAGGI HOT CUP GORENG (CILI FIESTA),1x65G,2.1,11761,Foods/Beverages,NOODLES & PASTA
,,,,,,
06-01-00111-0,MAGGI HOT MEALZ  KARIKAR  KAW BOWL,1x96G,3.6,11761,Foods/Beverages,NOODLES & PASTA
,,,,,,
06-01-00112-0,MAGGI HOT MEALZ  CURRYLASKSA BOWL,1x99G,3.6,11761,Foods/Beverages,NOODLES & PASTA
,,,,,,
06-01-00113-1,INDOMIE MI-GORENG(ASLI)GSM,5x80G,4.25,11761,Foods/Beverages,NOODLES & PASTA
,,,,,,
06-01-00114-1,INDOMIE MI-GORENG(SPECIAL)GSS,5x85G,4.25,11761,Foods/Beverages,NOODLES & PASTA
,,,,,,
06-01-00121-0,VIT'S INSTANT NOODLES,1x700G,3.99,11761,Foods/Beverages,NOODLES & PASTA
,,,,,,
06-01-00123-1,CINTAN MI GORENG (PEDAS),5x75G,4.6,11761,Foods/Beverages,NOODLES & PASTA
,,,,,,
06-01-00129-0,KONG MOON RICE STICK,1x454G,3.9,11761,Foods/Beverages,NOODLES & PASTA
,,,,,,
06-01-00136-0,PEACE LONGKOU VERMICELLI,1x500G,8.2,11761,Foods/Beverages,NOODLES & PASTA
,,,,,,
06-01-00137-0,PEACE LONGKOU VERMICELLI,1x100G,2,11761,Foods/Beverages,NOODLES & PASTA
,,,,,,
06-01-00140-1,NONG SHIM (KIMCHI RAYMUN),5x120G,15.1,11761,Foods/Beverages,NOODLES & PASTA
,,,,,,
06-01-00141-1,NONG SHIM (KOREAN CLAY POT RAYMON),5x120G,15.1,11761,Foods/Beverages,NOODLES & PASTA
,,,,,,
06-01-00142-1,NONG SHIM (UDON),5x120G,15.1,11761,Foods/Beverages,NOODLES & PASTA
,,,,,,
06-01-00143-1,NONG SHIM (SPICY MUSHROOM),5x120G,15.1,11761,Foods/Beverages,NOODLES & PASTA
,,,,,,
06-01-00144-1,NONG SHIM (SHRIMP),5x120G,15.1,11761,Foods/Beverages,NOODLES & PASTA
,,,,,,
06-01-00145-0,A1 ABALONE NOODLES,1x150G,9.4,11761,Foods/Beverages,NOODLES & PASTA
,,,,,,
06-01-00146-1,A1 VEGETARIAN HERBAL NOODLE,4x90G,8,11761,Foods/Beverages,NOODLES & PASTA
,,,,,,
06-01-00156-0,MYOJO BOWL (CHICKEN CURRY),1x80G,3.5,11761,Foods/Beverages,NOODLES & PASTA
,,,,,,
06-01-00157-0,MYOJO BOWL (THAI TOM YAM),1x80G,3.5,11761,Foods/Beverages,NOODLES & PASTA
,,,,,,
06-01-00158-0,MYOJO BOWL (SEAFOOD),1x80G,3.5,11761,Foods/Beverages,NOODLES & PASTA
,,,,,,
06-01-00161-1,MYOJO NOODLES (VEGE MUSHROOM),5x85G,7.2,11761,Foods/Beverages,NOODLES & PASTA
,,,,,,
06-01-00164-1,NISSIN NOODLES (CHICKEN),5x86G,8.2,11761,Foods/Beverages,NOODLES & PASTA
,,,,,,
06-01-00167-1,NISSIN NOODLES (SPICY SESAME),5x86G,8.2,11761,Foods/Beverages,NOODLES & PASTA
,,,,,,
06-01-00168-1,NISSIN NOODLES (GARLIC CHICKEN),5x87G,8.2,11761,Foods/Beverages,NOODLES & PASTA
,,,,,,
06-01-00170-1,NISSIN NOODLES (SESAME OIL),5x85G,8.2,11761,Foods/Beverages,NOODLES & PASTA
,,,,,,
06-01-00180-1,MAMEE SLLRRRP (KARI XTRA PEDAS),5x81G,5.5,11761,Foods/Beverages,NOODLES & PASTA
,,,,,,
06-01-00181-1,MAMEE PREMIUM (CHICKEN) RM3.90,5x73G,3.6,11761,Foods/Beverages,NOODLES & PASTA
,,,,,,
06-01-00183-0,PEACE LONGKOU VERMICELLI,1x250G,4.5,11761,Foods/Beverages,NOODLES & PASTA
,,,,,,
06-01-00189-0,MAMEE CUP EXPRESS ASSORTED (6+2),1x(60G*6+2),8.2,11761,Foods/Beverages,NOODLES & PASTA
,,,,,,
06-01-00203-1,MAGGI 2MINUTE NOODLE (CURRY),5x79G,4.25,11761,Foods/Beverages,NOODLES & PASTA
,,,,,,
06-01-00210-0,A1 5 MINUTES INSTANT WONTON MEE,1x400G,5.9,11761,Foods/Beverages,NOODLES & PASTA
,,,,,,
06-01-00212-0,A1 5 MINUTES INSTANT MEE POH,1x400G,5.9,11761,Foods/Beverages,NOODLES & PASTA
,,,,,,
06-01-00213-1,RUSKI INSTANT NOODLE  (TOM YAM/KAW),5x80G,6.6,11761,Foods/Beverages,NOODLES & PASTA
,,,,,,
06-01-00214-0,LYON CLAYPOT MEE,1x220G,2.4,11761,Foods/Beverages,NOODLES & PASTA
,,,,,,
06-01-00219-0,MASGOOD ICHIBAN MEE SUAH,1x200G,3.1,11761,Foods/Beverages,NOODLES & PASTA
,,,,,,
06-01-00240-1,IBUMIE BAA..GUS MI GORENG (ASLI),5x70G,3.7,11761,Foods/Beverages,NOODLES & PASTA
,,,,,,
06-01-00241-1,IBUMIE BAA..GUS MI GORENG (PEDAS),5x70G,3.7,11761,Foods/Beverages,NOODLES & PASTA
,,,,,,
06-01-00247-0,NONG SHIM 6IN1 ASSORTED CUP,1x424G,21.9,11761,Foods/Beverages,NOODLES & PASTA
,,,,,,
06-01-00270-1,MAMEE CHEF (TOM YAM THAI),4x80G,5.2,11761,Foods/Beverages,NOODLES & PASTA
,,,,,,
06-01-00279-0,MYOJO BOWL (CHICKEN ABALONE),1x80G,3.5,11761,Foods/Beverages,NOODLES & PASTA
,,,,,,
06-01-00283-1,MAMEE CHE (SPICY CHICKEN SHIITAKE),4x72G,5.5,11761,Foods/Beverages,NOODLES & PASTA
,,,,,,
06-01-00284-1,MAMEE CHEF (CURRY LAKSA),4x80G,5.5,11761,Foods/Beverages,NOODLES & PASTA
,,,,,,
06-01-00285-0,MAMEE CHEF CUP (TOM YAM THAI),1x72G,2.6,11761,Foods/Beverages,NOODLES & PASTA
,,,,,,
06-01-00286-0,MAMEE CHEF CUP(SPICY CHICKEN SHIITAKE),1x62G,2.6,11761,Foods/Beverages,NOODLES & PASTA
,,,,,,
06-01-00287-0,MAMEE CHEF CUP (CURRY LAKSA),1x72G,2.6,11761,Foods/Beverages,NOODLES & PASTA
,,,,,,
06-01-00288-1,MAGGI 2MINUTE BIG CURRY,5x111G,5.9,11761,Foods/Beverages,NOODLES & PASTA
,,,,,,
06-01-00294-0,NISSIN BOWL (SESAME OIL),1x110G,5.5,11761,Foods/Beverages,NOODLES & PASTA
,,,,,,
06-01-00304-1,MAGGI 2MINUTE BIG CHICKEN,5x108G,5.9,11761,Foods/Beverages,NOODLES & PASTA
,,,,,,
06-01-00306-0,KASAVA MEE SOYA,1x700G,7.6,11761,Foods/Beverages,NOODLES & PASTA
,,,,,,
06-01-00310-1,SAMYANG NOODLES (HOT CHICKEN RAMEN),5x140G,20,11761,Foods/Beverages,NOODLES & PASTA
,,,,,,
06-01-00319-0,MAMEE CHEF CUP (LONTONG),1x84G,2.6,11761,Foods/Beverages,NOODLES & PASTA
,,,,,,
06-01-00333-1,MAGGI 2MINUTE BIG TOM YAM (5+1),5x(112G*6),6.2,11761,Foods/Beverages,NOODLES & PASTA
,,,,,,
06-01-00335-0,WHEATSUN LACEY NOODLES(ZARU SOBA),1x500G,7.3,11761,Foods/Beverages,NOODLES & PASTA
,,,,,,
06-01-00341-0,KASAVA DAO XIAO NOODLE,1x400G,6,11761,Foods/Beverages,NOODLES & PASTA
,,,,,,
06-01-00353-0,SAMYANG NOODLES (CARBO/CHEESE/STEW),1x(140G*5S),21,11761,Foods/Beverages,NOODLES & PASTA
,,,,,,
06-01-00355-0,PAMA MEE (CENDAWAN),1x(60G*5),6.5,11761,Foods/Beverages,NOODLES & PASTA
,,,,,,
06-01-00358-1,MYOJO NOODLES (MEE GORENG ORIGINAL),5x85G,7.2,11761,Foods/Beverages,NOODLES & PASTA
,,,,,,
06-01-00369-0,MAGGI HOT MEALZ  TOM YAM KAW BOWL,1x91G,3.6,11761,Foods/Beverages,NOODLES & PASTA
,,,,,,
06-01-00376-0,SUNCITY LONGKOU VERMICELLI,1x250G,4.4,11761,Foods/Beverages,NOODLES & PASTA
,,,,,,
06-01-00377-0,MAGGI PEDAS GILER MI GORENG BOWL(ASST),1x97G,3.6,11761,Foods/Beverages,NOODLES & PASTA
,,,,,,
06-01-00381-0,A1 GREEN BEAN VERMICELLI,1x250G,6.3,11761,Foods/Beverages,NOODLES & PASTA
,,,,,,
06-01-00385-0,SUNCITY LONGKOU VERMICELLI,1x500G,8.5,11761,Foods/Beverages,NOODLES & PASTA
,,,,,,
06-01-00393-0,MAGGI PEDAS GILER MI GORENG (ASST),1x(76G*5),8.4,11761,Foods/Beverages,NOODLES & PASTA
,,,,,,
06-01-00394-0,KASAVA PUMPKIN NOODLE,1x400GM,7,11761,Foods/Beverages,NOODLES & PASTA
,,,,,,
06-01-00401-0,NISSIN JAPANESE RAMEN(ASST),1x(106G*5),14.2,11761,Foods/Beverages,NOODLES & PASTA
,,,,,,
06-01-00404-0,SUNCITY LONGKOU VERMICELLI,1x100G,2,11761,Foods/Beverages,NOODLES & PASTA
,,,,,,
06-01-00405-0,JIAXIANGREN/ XIAOLONGKAN SOUR SPICY NOODL,1x115G,5,11761,Foods/Beverages,NOODLES & PASTA
,,,,,,
06-01-00406-0,Q DOINK HOCK CHIEW MEE SUAH,1x300GM,5.4,11761,Foods/Beverages,NOODLES & PASTA
,,,,,,
06-01-00407-0,LSH HANDMADE MEE SUAH,1x300GM,4.6,11761,Foods/Beverages,NOODLES & PASTA
,,,,,,
06-01-00408-0,LSH HOCK CHIEW MEE SUAH,1x500GM,7.1,11761,Foods/Beverages,NOODLES & PASTA
,,,,,,
06-01-00409-0,LSH HANDMADE MEE QIAN,1x500GM,7.1,11761,Foods/Beverages,NOODLES & PASTA
,,,,,,
06-01-00410-0,MI ABC MI INSTAN GORENG,1x(70G*5S),4,11761,Foods/Beverages,NOODLES & PASTA
,,,,,,
06-01-00411-0,MI ABC MI INSTAN SHRIMP/CHICKEN,1x(70G*5S),3.6,11761,Foods/Beverages,NOODLES & PASTA
,,,,,,
06-01-00413-0,MI ABC CUP MI GORENG (ASST),1x80GM,2.1,11761,Foods/Beverages,NOODLES & PASTA
,,,,,,
06-01-00414-0,MI ABC CUP MI INSTAN  (ASST),1x60GM,1.9,11761,Foods/Beverages,NOODLES & PASTA
,,,,,,
06-01-00415-0,NISSIN JAPANESE RAMEN BOWL (K B/T S),1x110G,5.2,11761,Foods/Beverages,NOODLES & PASTA
,,,,,,
06-01-00420-0,SHI ZU REN  ASST,1x163G,6.5,11761,Foods/Beverages,NOODLES & PASTA
,,,,,,
06-01-00421-0,MI ABC MI INSTAN (SELERA PEDAS) BEEF SPIC,1x(80G*5S),7,11761,Foods/Beverages,NOODLES & PASTA
,,,,,,
06-01-00422-0,MYOJO DRY BOWL (MALA XIANG GUA),1x100G,4.9,11761,Foods/Beverages,NOODLES & PASTA
,,,,,,
06-01-00427-0,NISSIN JAPANESE RAMEA BOWL (K R/HK),1x111G,5.2,11761,Foods/Beverages,NOODLES & PASTA
,,,,,,
06-01-00428-0,MI SEDAAP MI GORENG (KOREAN SPICY),1x(87G*8),5.5,11761,Foods/Beverages,NOODLES & PASTA
,,,,,,
06-01-00429-0,MAME SLRP BOWL (ASST),1x94G,3,11761,Foods/Beverages,NOODLES & PASTA
,,,,,,
06-01-00431-0,MAGGI MI GORENG (CILI KAMPUNG/SAMBALT BIL,1x(78G*5),6,11761,Foods/Beverages,NOODLES & PASTA
,,,,,,
06-01-00435-0,MAMEE PREMIUM BOWL (ASST),1x93G,2.49,11761,Foods/Beverages,NOODLES & PASTA
,,,,,,
06-01-00436-0,WHEATSUN LACEY NOODLES,1x500G,7,11761,Foods/Beverages,NOODLES & PASTA
,,,,,,
06-01-00437-0,WHEATSUN EGG NOODLE,1x800G,7.6,11761,Foods/Beverages,NOODLES & PASTA
,,,,,,
06-01-00440-0,KANG SHI FU BOWL NOODLE ASST,1x105G,4.5,11761,Foods/Beverages,NOODLES & PASTA
,,,,,,
06-01-00441-0,SHI ZU REN  ASST,1x130G,6.5,11761,Foods/Beverages,NOODLES & PASTA
,,,,,,
06-01-00443-0,KANG SHI FU BOWL NOODLEASST,1x109G,4.5,11761,Foods/Beverages,NOODLES & PASTA
,,,,,,
06-01-00444-0,HAI CHI JIA SUAN LA FEN,1x120G,5.2,11761,Foods/Beverages,NOODLES & PASTA
,,,,,,
06-01-00447-0,GUANGYOU SWEET POTATO NOODLES,1x400G,6,11761,Foods/Beverages,NOODLES & PASTA
,,,,,,
06-02-00001-0,A1 INSTANT BIHOON,1x455G,5.99,11761,Foods/Beverages,NOODLES & PASTA
,,,,,,
06-02-00002-1,MAMEE BIHOON(CHICKEN),5x55G,6.5,11761,Foods/Beverages,NOODLES & PASTA
,,,,,,
06-02-00005-1,MAMEE BIHOON(TOM YAM KOONG),5x55G,6.5,11761,Foods/Beverages,NOODLES & PASTA
,,,,,,
06-02-00006-1,MAMEE BIHOON(VEGETABLE),5x55G,6.5,11761,Foods/Beverages,NOODLES & PASTA
,,,,,,
06-02-00007-1,PAMA BIHOON,5x55G,6.6,11761,Foods/Beverages,NOODLES & PASTA
,,,,,,
06-02-00016-0,PAMA BIHOON GOLD,1x350G,5,11761,Foods/Beverages,NOODLES & PASTA
,,,,,,
06-02-00018-0,PAMA BIHUN CUP(CR TY),1x55G,3.1,11761,Foods/Beverages,NOODLES & PASTA
,,,,,,
06-02-00019-0,PAMA BIHOON PREMIUM,1x350G,4,11761,Foods/Beverages,NOODLES & PASTA
,,,,,,
06-02-00020-0,PAMA BIHUN STANDARD,1x350G,3.6,11761,Foods/Beverages,NOODLES & PASTA
,,,,,,
06-02-00023-0,A1 BIHOON SUP (KETAM),1x100G,5.3,11761,Foods/Beverages,NOODLES & PASTA
,,,,,,
06-02-00024-0,PARROT INTS DON VERMI,1x160G,1.1,11761,Foods/Beverages,NOODLES & PASTA
,,,,,,
06-03-00003-0,BOTAN BIHOON,1x400G,2.2,11761,Foods/Beverages,NOODLES & PASTA
,,,,,,
06-03-00004-0,TIGA GAJAH /ERAWAN BIHOON,1x500G,4,11761,Foods/Beverages,NOODLES & PASTA
,,,,,,
06-03-00013-0,JATI BIHUN,1x350G,2.2,11761,Foods/Beverages,NOODLES & PASTA
,,,,,,
06-03-00017-0,EKA BIHOON TRADISIONAL (BIRU),1x400G,3.2,11761,Foods/Beverages,NOODLES & PASTA
,,,,,,
06-03-00018-0,EKA LAKSA(HIJAU),1x450G,3.2,11761,Foods/Beverages,NOODLES & PASTA
,,,,,,
06-04-00003-0,A1 INSTANT KWAY TEOW,1x400G,6.6,11761,Foods/Beverages,NOODLES & PASTA
,,,,,,
06-04-00008-1,PAMA KUAY TEOW,5x55G,6.9,11761,Foods/Beverages,NOODLES & PASTA
,,,,,,
06-04-00011-0,SAN REMO NO.16 (SPIRALS),1x500G,4.9,11761,Foods/Beverages,NOODLES & PASTA
,,,,,,
06-04-00012-0,SAN REMO NO.35 (ELBOW),1x500G,4.9,11761,Foods/Beverages,NOODLES & PASTA
,,,,,,
06-04-00013-0,SAN REMO NO.38 (MACARONI),1x500G,4.9,11761,Foods/Beverages,NOODLES & PASTA
,,,,,,
06-04-00014-0,SAN REMO NO.5 (SPAGHETTI),1x500G,4.9,11761,Foods/Beverages,NOODLES & PASTA
,,,,,,
06-04-00020-0,BALDUCCI SPAGHETTI NO.4 (RM2.99),1x500G,2.99,11761,Foods/Beverages,NOODLES & PASTA
,,,,,,
06-04-00040-0,YOPOKKI RICE CAKE (ASST),1x260G,14.4,11761,Foods/Beverages,NOODLES & PASTA
,,,,,,
06-04-00042-1,PAMA KUA CHAP (H&S),3x50G,4.72,11761,Foods/Beverages,NOODLES & PASTA
,,,,,,
06-04-00043-0,KIMBALL SPAGHETTI  ASST,1x400G,3.2,11761,Foods/Beverages,NOODLES & PASTA
,,,,,,
06-04-00044-0,INA PAN MEE ORI SEAFOOD SOUP,1x(85G*5),9.8,11761,Foods/Beverages,NOODLES & PASTA
,,,,,,
06-04-00045-0,INA PAN MEE DRIED CHILLI SHRIMP,1x(85G*5),9.8,11761,Foods/Beverages,NOODLES & PASTA
,,,,,,
06-04-00046-0,INA PAN MEE ASSORTED,1x(85G*5),9.8,11761,Foods/Beverages,NOODLES & PASTA
,,,,,,
06-04-00050-0,SELVA SPAGHETTI,1x500G,3.2,11761,Foods/Beverages,NOODLES & PASTA
,,,,,,
06-04-00052-0,SELVA FUSILLI,1x500G,3.2,11761,Foods/Beverages,NOODLES & PASTA
,,,,,,
06-04-00053-0,HAIDILAO STEAMBOAT(VEG/SOUR),1x425G,20,11761,Foods/Beverages,NOODLES & PASTA
,,,,,,
06-04-00054-0,HAIDILAO STEAMBOAT BEEF,1x360G,23.9,11761,Foods/Beverages,NOODLES & PASTA
,,,,,,
06-04-00055-0,PREGO SPAGHETTI,1x500G,3.8,11761,Foods/Beverages,NOODLES & PASTA
,,,,,,
06-04-00059-0,YUMEI SICHUAN ASST B1F1,1x305G,16.9,11761,Foods/Beverages,NOODLES & PASTA
,,,,,,
,,,,,,
,,,,,,
08-01-00082-0,STAR MASTER FRIED ONIONS WITH OIL,1x200G,8.9,11762,Kitchen,HERBS & SPICES/COOKING MIX
,,,,,,
08-01-00085-0,STAR MASTER FRIED GARLIC WITH OIL,1x200G,8.9,11762,Kitchen,HERBS & SPICES/COOKING MIX
,,,,,,
08-03-00001-0,A1 BAK KUT TEH SPICES,1x35G,7.8,11762,Kitchen,HERBS & SPICES/COOKING MIX
,,,,,,
08-03-00002-0,A1 BAK KUT TEH HERBS,1x60G,10.9,11762,Kitchen,HERBS & SPICES/COOKING MIX
,,,,,,
08-03-00003-0,A1 CHICKEN SOUP SPICES,1x35G,7.8,11762,Kitchen,HERBS & SPICES/COOKING MIX
,,,,,,
08-03-00005-0,A1 CHICKEN SOUP HERBS SPICES,1x60G,10.9,11762,Kitchen,HERBS & SPICES/COOKING MIX
,,,,,,
08-03-00007-0,A1 INSTANT CHICKEN CURRY SAUCE,1x200G,4.9,11762,Kitchen,HERBS & SPICES/COOKING MIX
,,,,,,
08-03-00008-0,A1 INSTANT FISH CURRY SAUCE,1x200G,4.9,11762,Kitchen,HERBS & SPICES/COOKING MIX
,,,,,,
08-03-00294-0,MASFOOD INSTANT CHICKEN MIX RECIPE,1x100G,5,11762,Kitchen,HERBS & SPICES/COOKING MIX
,,,,,,
08-03-00295-0,MASFOOD CRISPY CHICKEN (ORIGINAL),1x160G,4.6,11762,Kitchen,HERBS & SPICES/COOKING MIX
,,,,,,
08-03-00296-0,MASFOOD KLANG MEAT BONE TEA SOUP,1x60G,7.8,11762,Kitchen,HERBS & SPICES/COOKING MIX
,,,,,,
08-03-00299-0,MASFOOD INSTANT CURRY FISH PASTE,1x200G,4.6,11762,Kitchen,HERBS & SPICES/COOKING MIX
,,,,,,
08-03-00301-0,MASFOOD CURRY LAKSA,1x200G,4.6,11762,Kitchen,HERBS & SPICES/COOKING MIX
,,,,,,
08-03-00302-0,MASFOOD RENDANG CURRY,1x200G,4.6,11762,Kitchen,HERBS & SPICES/COOKING MIX
,,,,,,
08-03-00303-0,MASFOOD 101 TOM YAM PASTE,1x200G,4.6,11762,Kitchen,HERBS & SPICES/COOKING MIX
,,,,,,
08-03-00304-0,MASFOOD 101 PORTUGUESE STYLE PASTE,1x200G,4.6,11762,Kitchen,HERBS & SPICES/COOKING MIX
,,,,,,
08-03-00307-0,MASFOOD INSTANT ASAM FISH PASTE,1x180G,4.6,11762,Kitchen,HERBS & SPICES/COOKING MIX
,,,,,,
08-03-00310-0,MASFOOD MEAT BONE TEA SOUP,1x35G,4.9,11762,Kitchen,HERBS & SPICES/COOKING MIX
,,,,,,
08-03-00313-0,MASFOOD HERBAL SPICES CHICKEN SOUP,1x70G,7.8,11762,Kitchen,HERBS & SPICES/COOKING MIX
,,,,,,
08-03-00314-0,MASFOOD 101 ASAM STYLE FISH PASTE,1x200G,4.6,11762,Kitchen,HERBS & SPICES/COOKING MIX
,,,,,,
08-03-00334-0,MASFOOD CRISPY PRAWN W SHREDDED EGG,1x80G,5,11762,Kitchen,HERBS & SPICES/COOKING MIX
,,,,,,
08-03-00353-0,MASFOOD SAMBAL CHILI SHRIMP,1x180G,4.6,11762,Kitchen,HERBS & SPICES/COOKING MIX
,,,,,,
08-03-00354-0,MASFOOD BLACK PAPPER PASTE,1x140G,4.6,11762,Kitchen,HERBS & SPICES/COOKING MIX
,,,,,,
08-03-00373-0,MASFOOD EMPEROR HERBS SPICES,1x35G,5,11762,Kitchen,HERBS & SPICES/COOKING MIX
,,,,,,
08-03-00377-0,MASFOOD STEWED FRAGRANT SPICES,1x35G,5,11762,Kitchen,HERBS & SPICES/COOKING MIX
,,,,,,
08-03-00381-0,MASFOOD CORDYCEPS HERBS SOUP,1x35G,5,11762,Kitchen,HERBS & SPICES/COOKING MIX
,,,,,,
08-04-00002-0,AYAM COCONUT MILK,1x200ML,2.8,11762,Kitchen,HERBS & SPICES/COOKING MIX
,,,,,,
08-04-00004-0,KARA COCONUT,1x1L,11.9,11762,Kitchen,HERBS & SPICES/COOKING MIX
,,,,,,
08-04-00005-0,KARA COCONUT,1x200ML,3,11762,Kitchen,HERBS & SPICES/COOKING MIX
,,,,,,
08-04-00011-0,M&S COCONUT MILK,1x200ML,2.8,11762,Kitchen,HERBS & SPICES/COOKING MIX
,,,,,,
08-04-00012-0,M&S COCONUT MILK,1x500ML,6,11762,Kitchen,HERBS & SPICES/COOKING MIX
,,,,,,
08-04-00015-0,S&P SANTAN COCONUT POWDER,1x50G,1.9,11762,Kitchen,HERBS & SPICES/COOKING MIX
,,,,,,
08-04-00021-0,S&P COCONUT MILK,1x200ML,2.75,11762,Kitchen,HERBS & SPICES/COOKING MIX
,,,,,,
08-04-00024-0,KARA COCONUT,1x500ML,6.5,11762,Kitchen,HERBS & SPICES/COOKING MIX
,,,,,,
08-04-00033-0,RASA ENAK COCONUT MILK,1x200ML,2.4,11762,Kitchen,HERBS & SPICES/COOKING MIX
,,,,,,
08-04-00034-0,S&P COCONUT MILK,1x200ML,2.8,11762,Kitchen,HERBS & SPICES/COOKING MIX
,,,,,,
08-04-00035-0,S&P COCONUT MILK,1x1L,9.9,11762,Kitchen,HERBS & SPICES/COOKING MIX
,,,,,,
08-04-00036-0,S&P COCONUT MILK(PANDAN),1x200ML,2.9,11762,Kitchen,HERBS & SPICES/COOKING MIX
,,,,,,
08-04-00037-0,S&P SANTAN COCONUT POWDER(PANDAN),1x50G,2,11762,Kitchen,HERBS & SPICES/COOKING MIX
,,,,,,
08-05-00027-0,AH HONG SERBUK LADA PUTIH,1x55G,6,11762,Kitchen,HERBS & SPICES/COOKING MIX
,,,,,,
08-05-00028-0,AH HONG SERBUK LADA HITAM,1x55G,7.5,11762,Kitchen,HERBS & SPICES/COOKING MIX
,,,,,,
08-05-00029-0,AH HONG SERBUK LADA PUTIH 100%,1x55G,7.5,11762,Kitchen,HERBS & SPICES/COOKING MIX
,,,,,,
08-05-00030-0,AH HONG SERBUK LADA PUTIH-PKT,1x25G,1.9,11762,Kitchen,HERBS & SPICES/COOKING MIX
,,,,,,
08-05-00031-0,AH HONG SERBUK LADA PUTIH 100%-PKT,1x20G,3,11762,Kitchen,HERBS & SPICES/COOKING MIX
,,,,,,
08-05-00032-0,AH HONG BIJI LADA PUTIH-PKT,1x20G,2.5,11762,Kitchen,HERBS & SPICES/COOKING MIX
,,,,,,
08-05-00033-0,AH HONG SERBUK REMPAH,1x5G,1.9,11762,Kitchen,HERBS & SPICES/COOKING MIX
,,,,,,
,,,,,,
,,,,,,
09-01-00001-0,BLUE KEY SELF RISING FLOUR,1x1KG,3.9,11763,Foods/Beverages,DRIED/BAKING/DESSERT
,,,,,,
09-01-00003-0,TEPUNG GANDUM (ANCHOR),1x1KG,2.45,11763,Foods/Beverages,DRIED/BAKING/DESSERT
,,,,,,
09-01-00006-0,TIGA ELEPHANT TEPUNG BERAS,1x500G,2,11763,Foods/Beverages,DRIED/BAKING/DESSERT
,,,,,,
09-01-00008-0,STAR/BINTANG CORN STARCH,1x400G,1.45,11763,Foods/Beverages,DRIED/BAKING/DESSERT
,,,,,,
09-01-00010-0,TERATAI TEPUNG BERAS,1x500G,2,11763,Foods/Beverages,DRIED/BAKING/DESSERT
,,,,,,
09-01-00012-0,TIGA ELEPHANT/ERAWAN TEPUNG PULUT,1x500G,4,11763,Foods/Beverages,DRIED/BAKING/DESSERT
,,,,,,
09-01-00014-0,ADAD TEPUNG PULUT HITAM,1x250G,5.7,11763,Foods/Beverages,DRIED/BAKING/DESSERT
,,,,,,
09-04-00022-0,NONA TEPUNG HOEN KWE (RED),1x100G,2.2,11763,Foods/Beverages,DRIED/BAKING/DESSERT
,,,,,,
09-04-00025-0,NONA TEPUNG HOEN KWE (YELLOW),1x100G,2.2,11763,Foods/Beverages,DRIED/BAKING/DESSERT
,,,,,,
09-08-00031-0,RBH TEPUNG TERIGU,1x400G,2.7,11763,Foods/Beverages,DRIED/BAKING/DESSERT
,,,,,,
09-08-00032-0,RBH TEPUNG SAGU,1x400G,2.6,11763,Foods/Beverages,DRIED/BAKING/DESSERT
,,,,,,
09-08-00034-0,RBH TEPUNG UBI KELEDEK,1x400G,5.9,11763,Foods/Beverages,DRIED/BAKING/DESSERT
,,,,,,
09-08-00046-0,RBH TEPUNG JAGUNG,1x350G,1.7,11763,Foods/Beverages,DRIED/BAKING/DESSERT
,,,,,,
09-08-00047-0,HAPPY GRASS PAU FLOUR,1x1.3KG,8.9,11763,Foods/Beverages,DRIED/BAKING/DESSERT
,,,,,,
09-08-00048-0,HAPPY GRASS PAU FLOUR,1x650G,5.3,11763,Foods/Beverages,DRIED/BAKING/DESSERT
,,,,,,
09-08-00056-0,HAPPY GRASS STEAMED CAKE MIX,1x500G,6,11763,Foods/Beverages,DRIED/BAKING/DESSERT
,,,,,,
09-10-00001-0,AAA PEARL MERMAID AGAR-AGAR,1x25G,5.8,11763,Foods/Beverages,DRIED/BAKING/DESSERT
,,,,,,
09-10-00003-0,SWALLOW GLOBE AGAR-AGAR (BROWN),1x10G,3.3,11763,Foods/Beverages,DRIED/BAKING/DESSERT
,,,,,,
09-10-00004-0,SWALLOW GLOBE AGAR-AGAR (GREEN),1x10G,3.3,11763,Foods/Beverages,DRIED/BAKING/DESSERT
,,,,,,
09-10-00005-0,SWALLOW GLOBE AGAR-AGAR (ORG),1x10G,3.3,11763,Foods/Beverages,DRIED/BAKING/DESSERT
,,,,,,
09-10-00006-0,SWALLOW GLOBE AGAR-AGAR (RED),1x10G,3.3,11763,Foods/Beverages,DRIED/BAKING/DESSERT
,,,,,,
09-10-00007-0,SWALLOW GLOBE AGAR-AGAR (WHITE),1x10G,3.3,11763,Foods/Beverages,DRIED/BAKING/DESSERT
,,,,,,
09-10-00008-0,SWALLOW GLOBE AGAR-AGAR (YELLOW),1x10G,3.3,11763,Foods/Beverages,DRIED/BAKING/DESSERT
,,,,,,
09-10-00010-0,NONA CRYSTAL JELLY (STRAWBERRY),1x90G,3,11763,Foods/Beverages,DRIED/BAKING/DESSERT
,,,,,,
09-10-00011-0,NONA CRYSTAL JELLY (RASPBERRY/ANGGUR),1x90G,3,11763,Foods/Beverages,DRIED/BAKING/DESSERT
,,,,,,
09-10-00014-0,NONA PUDDING (HONEY DEW),1x85G,3.5,11763,Foods/Beverages,DRIED/BAKING/DESSERT
,,,,,,
09-14-00001-0,ABC TEPUNG UBI,1x1KG,3.6,11763,Foods/Beverages,DRIED/BAKING/DESSERT
,,,,,,
09-14-00002-0,ABC TEPUNG UBI,1x500G,1.9,11763,Foods/Beverages,DRIED/BAKING/DESSERT
,,,,,,
09-14-00007-0,CAP TIGA BINTANG CORN STARCH,1x400G,1.45,11763,Foods/Beverages,DRIED/BAKING/DESSERT
,,,,,,
09-14-00008-0,CAP TIGA BINTANG TEPUNG UBI KAYU,1x500G,1.8,11763,Foods/Beverages,DRIED/BAKING/DESSERT
,,,,,,
,,,,,,
,,,,,,
11-01-00014-0,CAP IKAN BERAS,1x10KG,26,11764,Kitchen,RICE
,,,,,,
11-01-00023-0,CAP AYAM EMAS BERAS WANGI(WOK) 5%,1x5KG,25.9,11764,Kitchen,RICE
,,,,,,
11-01-00025-0,JASMINE SUPER BERAS SPESIAL TEMPATAN 5%,1x10KG,26,11764,Kitchen,RICE
,,,,,,
11-01-00028-0,SAKURA BERAS TEMPATAN MELATI,1x10KG,27.8,11764,Kitchen,RICE
,,,,,,
11-01-00032-0,CAP IKAN BERAS,1x50KG,130,11764,Kitchen,RICE
,,,,,,
11-01-00034-0,JATI S.S. CARNATION  (AP),1x10KG,27.4,11764,Kitchen,RICE
,,,,,,
11-01-00036-0,JATI S.I. CARNATION (A GOLD),1x10KG,30,11764,Kitchen,RICE
,,,,,,
11-01-00038-0,JATI S.I. CARNATION (A GOLD),1x5KG,16.2,11764,Kitchen,RICE
,,,,,,
11-01-00039-0,JATI S.I. CARNATION (A5/A6),1x10KG,27,11764,Kitchen,RICE
,,,,,,
11-02-00008-0,SONGHE BERAS WANGI THAI AAA(PLASTIC),1x10KG,55.5,11764,Kitchen,RICE
,,,,,,
11-02-00009-0,SONGHE BERAS WANGI THAI AAA,1x10KG,56.5,11764,Kitchen,RICE
,,,,,,
11-02-00010-0,JATI BERAS WANGI AAA (THAI) 5%,1x10KG,49.5,11764,Kitchen,RICE
,,,,,,
11-02-00011-0,JATI S.I. CARNATION(APPLE PINK),1x10KG,36.5,11764,Kitchen,RICE
,,,,,,
11-02-00012-0,CARNATION BERAS WANGI THAI (RED) 5%,1x10KG,45,11764,Kitchen,RICE
,,,,,,
11-02-00013-0,LENTERA BERAS WANGI (THAI),1x15KG,56.5,11764,Kitchen,RICE
,,,,,,
11-02-00014-0,LENTERA BERAS WANGI (THAI),1x10KG,38,11764,Kitchen,RICE
,,,,,,
11-02-00017-0,ROYAL UMBRELLA BERAS SIAM WANGI (THAI),1x5KG,23.5,11764,Kitchen,RICE
,,,,,,
11-02-00018-0,ROYAL UMBRELLA BERAS SIAM WANGI (THAI),1x10KG,41.99,11764,Kitchen,RICE
,,,,,,
11-02-00021-0,JASMINE SUNWHITE BERAS WANGI,1x5KG,31.5,11764,Kitchen,RICE
,,,,,,
11-02-00023-0,ROYAL UMBRELLA THAI FRAGRANT RICE,1x5KG,33.9,11764,Kitchen,RICE
,,,,,,
11-02-00024-0,JATI BERAS WANGI AAA (THAI) 5%,1x5KG,26.3,11764,Kitchen,RICE
,,,,,,
11-02-00027-0,LENTERA EMAS BERAS WANGI (THAI),1x15KG,62,11764,Kitchen,RICE
,,,,,,
11-02-00028-0,ROYAL UMBRELLA THAI FRAGRANT RICE,1x10KG,59,11764,Kitchen,RICE
,,,,,,
11-02-00029-0,JASMINE BASMATHI PUSA 1121 EXL GRAIN,1x2KG,23.8,11764,Kitchen,RICE
,,,,,,
11-02-00030-0,JASMINE BASMATHI KING,1x5KG,39,11764,Kitchen,RICE
,,,,,,
11-02-00032-0,ROYAL UMBRELLA THAI FRAGRANT RICE,1x1KG,8.5,11764,Kitchen,RICE
,,,,,,
11-02-00033-0,SAKURA BERAS WANGI PHRANANG(THAI),1x1KG,7.5,11764,Kitchen,RICE
,,,,,,
11-02-00035-0,SONGHE BERAS WANGI THAI AAA,1x1KG,8.8,11764,Kitchen,RICE
,,,,,,
11-02-00036-0,JATI HORECA BERAS WANGI SIAM,1x25KG,109,11764,Kitchen,RICE
,,,,,,
11-02-00044-0,JATI BERAS SUPER ISTIMEWA,1x10KG,25.9,11764,Kitchen,RICE
,,,,,,
11-02-00047-0,JATI HORECA BERAS PUTIH THAI SPESIAL,1x25KG,65.9,11764,Kitchen,RICE
,,,,,,
11-02-00052-0,GOLDEN PEONY BERAS WANGI THAI,1x5KG,25.5,11764,Kitchen,RICE
,,,,,,
11-02-00060-0,SAKURA BERAS WANGI PHRANANG(THAI),1x5KG,28.5,11764,Kitchen,RICE
,,,,,,
11-02-00061-0,DATO KAYA BERAS WANGI THAI,1x10KG,44.5,11764,Kitchen,RICE
,,,,,,
11-02-00063-0,ROYAL UMBRELLA FRAG THAI RICE,1x5KG,37.9,11764,Kitchen,RICE
,,,,,,
11-02-00065-0,LENTERA BERAS WANGI (THAI),1x5KG,20.5,11764,Kitchen,RICE
,,,,,,
11-02-00066-0,JATI S.I. CARNATION(APPLE PINK),1x5KG,19.5,11764,Kitchen,RICE
,,,,,,
11-02-00067-0,SUNFLOWER BASMATHI QUEEN,1x5KG,39,11764,Kitchen,RICE
,,,,,,
11-02-00068-0,ROYAL UMBRELLA BERAS SIAM WANGI (THAI),1x1KG,6.5,11764,Kitchen,RICE
,,,,,,
11-03-00005-0,BERAS PULUT (THAI),1x1KG,6.8,11764,Kitchen,RICE
,,,,,,
11-03-00006-0,SAKURA SIAM BERAS PULUT SUSUI,1x1KG,9.5,11764,Kitchen,RICE
,,,,,,
11-04-00002-0,JASMINE NUTRI RICE THAI RED,1x1KG,13.9,11764,Kitchen,RICE
,,,,,,
11-04-00004-0,ECOBROWN`S (ORIGINAL),1x5KG,19.9,11764,Kitchen,RICE
,,,,,,
11-04-00006-0,ECOBROWN`S GOLD (WHOLEGRAIN RICE MIX),1x5KG,26.4,11764,Kitchen,RICE
,,,,,,
11-04-00007-0,JASMINE SUNBROWN (ORIGINAL),1x2KG,8,11764,Kitchen,RICE
,,,,,,
11-04-00008-0,JASMINE SUNBROWN UNPOLISHED BROWN RICE,1x5KG,18.6,11764,Kitchen,RICE
,,,,,,
11-04-00009-0,JASMINE SUNBROWN (WHOLEGRAIN-HIGH FIBRE),1x2KG,8,11764,Kitchen,RICE
,,,,,,
11-04-00010-0,JASMINE NUTRI RICE BLACKBERRY,1x1KG,13.9,11764,Kitchen,RICE
,,,,,,
11-04-00012-0,GOLDEN PEONY BERAS PERANG,1x5KG,26,11764,Kitchen,RICE
,,,,,,
11-04-00017-0,SUNFLOWER EMBRYO BROWN RICE,1x5KG,21.5,11764,Kitchen,RICE
,,,,,,
11-05-00002-0,ADABI KETUPAT EKONOMI,1x780G,7.4,11764,Kitchen,RICE
,,,,,,
11-05-00003-0,ADABI KETUPAT MINI,1x(20G*30),6.95,11764,Kitchen,RICE
,,,,,,
11-05-00005-0,NONA KETUPAT MINI,1x600G,6.8,11764,Kitchen,RICE
,,,,,,
,,,,,,
,,,,,,
12-02-00031-0,AJI-SHIO BLACK PEPPER,1x40G,2.9,11765,Kitchen,SAUCES/SEASONING
,,,,,,
12-03-00002-0,AJINOMOTO,1x1KG,12.5,11765,Kitchen,SAUCES/SEASONING
,,,,,,
12-03-00003-0,AJINOMOTO,1x150G,4.4,11765,Kitchen,SAUCES/SEASONING
,,,,,,
12-03-00004-0,AJINOMOTO,1x300G,6.1,11765,Kitchen,SAUCES/SEASONING
,,,,,,
12-03-00006-0,AJINOMOTO,1x33G,1.35,11765,Kitchen,SAUCES/SEASONING
,,,,,,
12-03-00007-0,AJINOMOTO,1x500G,7.3,11765,Kitchen,SAUCES/SEASONING
,,,,,,
12-03-00008-0,AJINOMOTO,1x72G,2.3,11765,Kitchen,SAUCES/SEASONING
,,,,,,
12-03-00011-0,AJINOMOTO- AJI PLUS,1x1KG,17.99,11765,Kitchen,SAUCES/SEASONING
,,,,,,
12-03-00013-0,TUMIX CHICKEN STOCK,1x1KG,17.5,11765,Kitchen,SAUCES/SEASONING
,,,,,,
12-03-00026-0,AJINOMOTO- AJI MIX,1x1KG,18.5,11765,Kitchen,SAUCES/SEASONING
,,,,,,
12-04-00019-0,KOKI KG.KOH CHILLI,1x340G,2.45,11765,Kitchen,SAUCES/SEASONING
,,,,,,
12-04-00021-0,LINGHAM SOS CHILLI,1x340G,5,11765,Kitchen,SAUCES/SEASONING
,,,,,,
12-04-00022-0,LIFE CHILLI SAUCE,1x340G,2.9,11765,Kitchen,SAUCES/SEASONING
,,,,,,
12-04-00023-0,LIFE CHILLI SAUCE,1x500G,3.8,11765,Kitchen,SAUCES/SEASONING
,,,,,,
12-04-00024-0,LIFE CHILLI JUMBO,1x725G,5.1,11765,Kitchen,SAUCES/SEASONING
,,,,,,
12-04-00025-0,LINGHAM THAI CHILLI,1x358G,5,11765,Kitchen,SAUCES/SEASONING
,,,,,,
12-04-00027-0,LIFE THAI CHILLI SAUCE,1x750G,6.1,11765,Kitchen,SAUCES/SEASONING
,,,,,,
12-04-00033-0,MAGGI CHILLI SAUCE,1x340G,3.2,11765,Kitchen,SAUCES/SEASONING
,,,,,,
12-04-00034-0,MAGGI CHILLI SAUCE,1x500G,4.25,11765,Kitchen,SAUCES/SEASONING
,,,,,,
12-04-00075-0,LINGHAM SOS CHILLI (BAWANG PUTIH),1x340G,5,11765,Kitchen,SAUCES/SEASONING
,,,,,,
12-04-00076-0,LINGHAM SOS CILI (EXTRA HOT),1x358G,5.8,11765,Kitchen,SAUCES/SEASONING
,,,,,,
12-05-00012-0,LIFE TOMATO SAUCE,1x330G,2.65,11765,Kitchen,SAUCES/SEASONING
,,,,,,
12-05-00013-0,LIFE TOMATO SAUCE,1x485G,3.3,11765,Kitchen,SAUCES/SEASONING
,,,,,,
12-05-00017-0,MAGGI TOMATO SAUCE,1x325G,2.9,11765,Kitchen,SAUCES/SEASONING
,,,,,,
12-05-00018-0,MAGGI TOMATO SAUCE,1x475G,3.8,11765,Kitchen,SAUCES/SEASONING
,,,,,,
12-06-00023-0,PO-PO KING LIGHT SOYA SAUCE,1x720ML,12.2,11765,Kitchen,SAUCES/SEASONING
,,,,,,
12-06-00024-0,PO-PO KICAP SOYA CAIR,1x2.7KG,23.5,11765,Kitchen,SAUCES/SEASONING
,,,,,,
12-06-00026-0,PO-PO KICAP SOYA CAIR,1x720ML,8,11765,Kitchen,SAUCES/SEASONING
,,,,,,
12-06-00041-0,LEE KUM KEE SELECTED DARK SOYA SAUCE,1x500ML,6.5,11765,Kitchen,SAUCES/SEASONING
,,,,,,
12-06-00042-0,LEE KUM KEE SELECTED LIGHT SOYA SAUCE,1x500ML,6.5,11765,Kitchen,SAUCES/SEASONING
,,,,,,
12-06-00065-0,PO-PO KARAMEL PEKAT,1x720ML,11.6,11765,Kitchen,SAUCES/SEASONING
,,,,,,
12-06-00067-0,PO-PO KING DARK SAUCE KARAMEL,1x720ML,13,11765,Kitchen,SAUCES/SEASONING
,,,,,,
12-06-00073-0,CHEONG CHAN ELEPHANT THICK CARAMEL,1x375ML,6.2,11765,Kitchen,SAUCES/SEASONING
,,,,,,
12-06-00074-0,CHEONG CHAN ELEPHANT THICK CARAMEL,1x740ML,10.3,11765,Kitchen,SAUCES/SEASONING
,,,,,,
12-06-00084-0,WAN JA SHAN VEGE MUSHROOM OYSTER SAUCE,1x300ML,9.9,11765,Kitchen,SAUCES/SEASONING
,,,,,,
12-06-00087-0,TUCK LOONG SOS P.S.H SEBATIAN (RED),1x325ML,3.1,11765,Kitchen,SAUCES/SEASONING
,,,,,,
12-06-00171-0,PO-PO OYSTER SAUCE,1x500G,5.5,11765,Kitchen,SAUCES/SEASONING
,,,,,,
12-06-00172-0,LEE KUM KEE SELECTED LIGHT SOYA SAUCE,1x1.9L,18.9,11765,Kitchen,SAUCES/SEASONING
,,,,,,
12-06-00174-0,CAP APPLE LIGHT SOYA SAUCE,1x700ML,9.2,11765,Kitchen,SAUCES/SEASONING
,,,,,,
12-06-00175-0,CAP APPLE THICK  SOYA SAUCE,1x800ML,10.3,11765,Kitchen,SAUCES/SEASONING
,,,,,,
12-06-00179-0,CAP APPLE LIGHT SOYA SAUCE T/P,1x(700ML*2),17.9,11765,Kitchen,SAUCES/SEASONING
,,,,,,
12-07-00003-0,TST BLACK VINEGAR,1x375ML,4.9,11765,Kitchen,SAUCES/SEASONING
,,,,,,
12-07-00004-0,TST BLACK VINEGAR,1x750ML,7.9,11765,Kitchen,SAUCES/SEASONING
,,,,,,
12-07-00005-0,YEO'S WHITE VINEGAR,1x330ML,1.9,11765,Kitchen,SAUCES/SEASONING
,,,,,,
12-07-00006-0,YEO'S WHITE VINEGAR,1x630ML,2.9,11765,Kitchen,SAUCES/SEASONING
,,,,,,
12-07-00007-0,CAP SINGA TONGSHAN HEI MEI CHU,1x360ML,7.9,11765,Kitchen,SAUCES/SEASONING
,,,,,,
12-07-00008-0,CAP SINGA TONGSHAN HEI MEI CHU,1x720ML,13.9,11765,Kitchen,SAUCES/SEASONING
,,,,,,
12-08-00008-0,LEE KUM KEE PANDA OYSTER SAUCE,1x255G,5.2,11765,Kitchen,SAUCES/SEASONING
,,,,,,
12-08-00009-0,LEE KUM KEE KUM CHUN OYSTER,1x770G,6.6,11765,Kitchen,SAUCES/SEASONING
,,,,,,
12-08-00010-0,LEE KUM KEE PANDA OYSTER SAUCE,1x510G,8.3,11765,Kitchen,SAUCES/SEASONING
,,,,,,
12-08-00012-0,LEE KUM KEE VEGETARIAN OYSTER SAUCE,1x770G,7.3,11765,Kitchen,SAUCES/SEASONING
,,,,,,
12-08-00014-0,STH OYSTER SAUCE,1x4.5KG,13.2,11765,Kitchen,SAUCES/SEASONING
,,,,,,
12-08-00015-0,STH TASTE-ME OYSTER (JM RM1.00),1x750G,5.69,11765,Kitchen,SAUCES/SEASONING
,,,,,,
12-08-00018-0,STH VEGETARIAN OYSTER,1x(500G+250G),5.69,11765,Kitchen,SAUCES/SEASONING
,,,,,,
12-08-00034-0,LEE KUM KEE PREMIUM OYSTER SAUCE,1x510G,16.9,11765,Kitchen,SAUCES/SEASONING
,,,,,,
12-08-00036-0,LEE KUM KEE GOLDEN VEG SAUCE W.MUSHROOM,1x510G,6.2,11765,Kitchen,SAUCES/SEASONING
,,,,,,
12-09-00001-0,"OH CHUAN AIK SESAME (ROUND,WHITE)",1x315ML,8.6,11765,Kitchen,SAUCES/SEASONING
,,,,,,
12-09-00002-0,"OH CHUAN AIK SESAME (ROUND,WHITE)",1x630ML,15.3,11765,Kitchen,SAUCES/SEASONING
,,,,,,
12-09-00004-0,OH CHUAN AIK SUPERIOR DEER SESAME OIL,1x315ML,9.06,11765,Kitchen,SAUCES/SEASONING
,,,,,,
12-09-00005-0,"OH CHUAN AIK SESAME OIL (ROUND,GOLD)",1x630ML,16.2,11765,Kitchen,SAUCES/SEASONING
,,,,,,
12-09-00008-0,"OH CHUAN AIK SESAME OIL (SQUARE,GOLD)",1x750ML,21.5,11765,Kitchen,SAUCES/SEASONING
,,,,,,
12-10-00020-0,FERRY FISH SAUCE (ANCHOVY),1x200ML,3.3,11765,Kitchen,SAUCES/SEASONING
,,,,,,
12-10-00021-0,FERRY FISH SAUCE (SILVER POMFRET),1x200ML,3.3,11765,Kitchen,SAUCES/SEASONING
,,,,,,
12-10-00022-0,FERRY FISH SAUCE (SILVER POMFRET),1x700ML,6.2,11765,Kitchen,SAUCES/SEASONING
,,,,,,
12-10-00023-0,FERRY FISH SAUCE (CUTTLEFISH),1x700ML,6.2,11765,Kitchen,SAUCES/SEASONING
,,,,,,
12-10-00024-0,FERRY FISH SAUCE (ANCHOVY),1x700ML,6.2,11765,Kitchen,SAUCES/SEASONING
,,,,,,
12-10-00025-0,FERRY FISH SAUCE (CUTTLEFISH),1x200ML,3.3,11765,Kitchen,SAUCES/SEASONING
,,,,,,
12-16-00051-0,SEONG CHAN PLUM SAUCE,1x340G,4.5,11765,Kitchen,SAUCES/SEASONING
,,,,,,
,,,,,,
,,,,,,
14-02-00016-0,HUP SENG NP CORNEO CRACKERS,1x200G,4.4,11766,Foods/Beverages,BAKERY/BISCUIT/CONFECTIONERY
,,,,,,
14-02-00017-0,HUP SENG CREAM CRACKERS,1x428G,4.1,11766,Foods/Beverages,BAKERY/BISCUIT/CONFECTIONERY
,,,,,,
14-02-00018-0,LEE BUTTER CREAM,1x710G,8,11766,Foods/Beverages,BAKERY/BISCUIT/CONFECTIONERY
,,,,,,
14-02-00019-0,HUP SENG CHOCOLATE TEDDY BIS.,1x120G,2.4,11766,Foods/Beverages,BAKERY/BISCUIT/CONFECTIONERY
,,,,,,
14-02-00021-0,HUP SENG DELUXE VEGETABLE CRACKERS,1x258G,4.3,11766,Foods/Beverages,BAKERY/BISCUIT/CONFECTIONERY
,,,,,,
14-02-00023-0,HUP SENG MARIE,1x298G,3.6,11766,Foods/Beverages,BAKERY/BISCUIT/CONFECTIONERY
,,,,,,
14-02-00024-0,HUP SENG MARIE(COFFEE),1x298G,3.7,11766,Foods/Beverages,BAKERY/BISCUIT/CONFECTIONERY
,,,,,,
14-02-00027-0,HUP SENG NP SUGAR CRACKERS,1x250G,4.4,11766,Foods/Beverages,BAKERY/BISCUIT/CONFECTIONERY
,,,,,,
14-02-00029-0,HUP SENG NP CREAM CRACKERS,1x225G,4.4,11766,Foods/Beverages,BAKERY/BISCUIT/CONFECTIONERY
,,,,,,
14-02-00065-0,ATIS BISKUT NIPIS (PIZZA),1x(23G*24S),8,11766,Foods/Beverages,BAKERY/BISCUIT/CONFECTIONERY
,,,,,,
14-02-00066-0,ATIS BISKUT NIPIS (TOMATO),1x(23G*24S),8,11766,Foods/Beverages,BAKERY/BISCUIT/CONFECTIONERY
,,,,,,
14-02-00067-0,WANG WANG SENBEI,1x92G,4.3,11766,Foods/Beverages,BAKERY/BISCUIT/CONFECTIONERY
,,,,,,
14-02-00100-0,HWA TAI PESSTA LEMAK,1x800G,7.2,11766,Foods/Beverages,BAKERY/BISCUIT/CONFECTIONERY
,,,,,,
14-02-00101-0,HWA TAI PESSTA MARIE BESAR,1x800G,7.2,11766,Foods/Beverages,BAKERY/BISCUIT/CONFECTIONERY
,,,,,,
14-02-00118-0,ROLLER COASTER CANISTER(CHEESE),1x100G,3.3,11766,Foods/Beverages,BAKERY/BISCUIT/CONFECTIONERY
,,,,,,
14-02-00122-0,JACK&JILL CREAM-O SANDWICH (CHOCOLATE),1x132G,2.5,11766,Foods/Beverages,BAKERY/BISCUIT/CONFECTIONERY
,,,,,,
14-02-00128-0,ROLLER COASTER CANISTER(BBQ),1x100G,3.3,11766,Foods/Beverages,BAKERY/BISCUIT/CONFECTIONERY
,,,,,,
14-02-00131-1,J&J MAGIC TWIN CRACKER S/W (CHOC),10x15G,2.9,11766,Foods/Beverages,BAKERY/BISCUIT/CONFECTIONERY
,,,,,,
14-02-00136-1,APOLLO WAFER (CHOC) 1011,12x12G,2,11766,Foods/Beverages,BAKERY/BISCUIT/CONFECTIONERY
,,,,,,
14-02-00143-1,APOLLO CHECKER WAFER BAR(1788A),24x18G,6.5,11766,Foods/Beverages,BAKERY/BISCUIT/CONFECTIONERY
,,,,,,
14-02-00145-1,APOLLO WAFFLE (CHOC) 1600,36x18G,9.4,11766,Foods/Beverages,BAKERY/BISCUIT/CONFECTIONERY
,,,,,,
14-02-00146-1,APOLLO WAFER (MILK) 1010,12x12G,2,11766,Foods/Beverages,BAKERY/BISCUIT/CONFECTIONERY
,,,,,,
14-02-00148-1,APOLLO WAFFLE (STRAWBERRY) 1606,36x18G,9.4,11766,Foods/Beverages,BAKERY/BISCUIT/CONFECTIONERY
,,,,,,
14-02-00151-1,APOLLO ROKA PKT (WAFER CHOC) 1070P,80x6G,8.4,11766,Foods/Beverages,BAKERY/BISCUIT/CONFECTIONERY
,,,,,,
14-02-00152-1,APOLLO TWINS LAYER CAKE(COCO/PAN) 2020,24x18G,5.9,11766,Foods/Beverages,BAKERY/BISCUIT/CONFECTIONERY
,,,,,,
14-02-00154-1,APOLLO STICK (GOLD) 1012A,30x11G,5.3,11766,Foods/Beverages,BAKERY/BISCUIT/CONFECTIONERY
,,,,,,
14-02-00156-1,APOLLO ROKA PEANUT BAR (A1080),24x18G,6.5,11766,Foods/Beverages,BAKERY/BISCUIT/CONFECTIONERY
,,,,,,
14-02-00158-1,APOLLO STICK (CHOC) 1044A,30x11G,5.3,11766,Foods/Beverages,BAKERY/BISCUIT/CONFECTIONERY
,,,,,,
14-02-00163-1,APOLLO STICK (STRAWBERRY) 1042A,30x11G,5.3,11766,Foods/Beverages,BAKERY/BISCUIT/CONFECTIONERY
,,,,,,
14-02-00172-0,LEE COFFEE CREAM,1x930G,10,11766,Foods/Beverages,BAKERY/BISCUIT/CONFECTIONERY
,,,,,,
14-02-00175-0,LEE LEMON PUFF,1x810G,9,11766,Foods/Beverages,BAKERY/BISCUIT/CONFECTIONERY
,,,,,,
14-02-00187-0,KERK BRAND SULTANA BISCUITS(5S),1x136G,3.7,11766,Foods/Beverages,BAKERY/BISCUIT/CONFECTIONERY
,,,,,,
14-02-00191-0,KERK BRAND LINGO ASSORTED BISCUITS,1x600G,12.17,11766,Foods/Beverages,BAKERY/BISCUIT/CONFECTIONERY
,,,,,,
14-02-00192-0,KERK BRAND CHEERIS ASSORTED BISCUITS,1x600G,12.2,11766,Foods/Beverages,BAKERY/BISCUIT/CONFECTIONERY
,,,,,,
14-02-00193-0,KERK BRAND SWEET TIME ASSORTED BIS,1x600G,12,11766,Foods/Beverages,BAKERY/BISCUIT/CONFECTIONERY
,,,,,,
14-02-00194-0,KERK BRAND ORCHESTRA ASSORTED BISCUITS,1x600G,12,11766,Foods/Beverages,BAKERY/BISCUIT/CONFECTIONERY
,,,,,,
14-02-00201-0,WANG WANG SHELLY SENBEI,1x72G,3.2,11766,Foods/Beverages,BAKERY/BISCUIT/CONFECTIONERY
,,,,,,
14-02-00202-0,WANG WANG BALL CAKE,1x45G,1.4,11766,Foods/Beverages,BAKERY/BISCUIT/CONFECTIONERY
,,,,,,
14-02-00208-0,HUP SENG CORNEO CRACKERS,1x300G,4.4,11766,Foods/Beverages,BAKERY/BISCUIT/CONFECTIONERY
,,,,,,
14-02-00210-0,HUP SENG FLYING FISH,1x120G,2.4,11766,Foods/Beverages,BAKERY/BISCUIT/CONFECTIONERY
,,,,,,
14-02-00212-0,HUP SENG COCONUT COOKIES (TRAY),1x200G,3.1,11766,Foods/Beverages,BAKERY/BISCUIT/CONFECTIONERY
,,,,,,
14-02-00213-0,HUP SENG NP SESAME BISCUIT,1x158G,4.4,11766,Foods/Beverages,BAKERY/BISCUIT/CONFECTIONERY
,,,,,,
14-02-00215-0,HUP SENG CHEESE TEDDY NP-B,1x120G,2.36,11766,Foods/Beverages,BAKERY/BISCUIT/CONFECTIONERY
,,,,,,
14-02-00216-0,HUP SENG BUTTER COOKIES,1x85G,1.9,11766,Foods/Beverages,BAKERY/BISCUIT/CONFECTIONERY
,,,,,,
14-02-00217-0,HUP SENG DELUXE ORIGINAL CRACKERS,1x330G,4.3,11766,Foods/Beverages,BAKERY/BISCUIT/CONFECTIONERY
,,,,,,
14-02-00221-0,HUP SENG PINEAPPLE JAM COOKIES,1x168G,3,11766,Foods/Beverages,BAKERY/BISCUIT/CONFECTIONERY
,,,,,,
14-02-00222-0,HUP SENG CHOCOLATE FUDGE,1x90G,1.9,11766,Foods/Beverages,BAKERY/BISCUIT/CONFECTIONERY
,,,,,,
14-02-00223-0,HUP SENG PING PONG ASSORTED BISCUIT,1x300G,3.9,11766,Foods/Beverages,BAKERY/BISCUIT/CONFECTIONERY
,,,,,,
14-02-00225-0,HUP SENG DELUXE SUGAR CRACKERS,1x320G,4.3,11766,Foods/Beverages,BAKERY/BISCUIT/CONFECTIONERY
,,,,,,
14-02-00276-0,JULIE OAT 25 (TEN GRAINS),1x200G,4.95,11766,Foods/Beverages,BAKERY/BISCUIT/CONFECTIONERY
,,,,,,
14-02-00277-0,JULIE OAT 25 (STRAWBERRY),1x200G,4.95,11766,Foods/Beverages,BAKERY/BISCUIT/CONFECTIONERY
,,,,,,
14-02-00278-0,JULIE BUTTER CRACKERS,1x700G,13.9,11766,Foods/Beverages,BAKERY/BISCUIT/CONFECTIONERY
,,,,,,
14-02-00279-0,JULIE LE-MOND PUFF (MANGO),1x180G,4.95,11766,Foods/Beverages,BAKERY/BISCUIT/CONFECTIONERY
,,,,,,
14-02-00283-0,JULIE PEANUT BUTTER SANDWICH,1x360G,7.99,11766,Foods/Beverages,BAKERY/BISCUIT/CONFECTIONERY
,,,,,,
14-02-00284-0,JULIE CHEESE SANDWICH,1x330G,7.99,11766,Foods/Beverages,BAKERY/BISCUIT/CONFECTIONERY
,,,,,,
14-02-00293-0,JULIE PEANUT BUTTER SANDWICH,1x135G,3.2,11766,Foods/Beverages,BAKERY/BISCUIT/CONFECTIONERY
,,,,,,
14-02-00298-0,JULIE DARK CHOCOLATE SANDWICH,1x145G,3.2,11766,Foods/Beverages,BAKERY/BISCUIT/CONFECTIONERY
,,,,,,
14-02-00304-0,JULIE CHEESE SANDWICH,1x125G,3.2,11766,Foods/Beverages,BAKERY/BISCUIT/CONFECTIONERY
,,,,,,
14-02-00305-0,JULIE CHEESE CRACKERS,1x100G,2.2,11766,Foods/Beverages,BAKERY/BISCUIT/CONFECTIONERY
,,,,,,
14-02-00306-0,JULIE CREAM CRACKERS,1x295G,3.4,11766,Foods/Beverages,BAKERY/BISCUIT/CONFECTIONERY
,,,,,,
14-02-00308-0,JULIE BUTTER CRACKERS,1x360G,3.9,11766,Foods/Beverages,BAKERY/BISCUIT/CONFECTIONERY
,,,,,,
14-02-00309-0,JULIE GOLDEN CRACKERS,1x340G,2.99,11766,Foods/Beverages,BAKERY/BISCUIT/CONFECTIONERY
,,,,,,
14-02-00310-0,JULIE SUGAR CRACKERS,1x345G,2.99,11766,Foods/Beverages,BAKERY/BISCUIT/CONFECTIONERY
,,,,,,
14-02-00311-0,JULIE BIG MARIE (MILK),1x190G,4.5,11766,Foods/Beverages,BAKERY/BISCUIT/CONFECTIONERY
,,,,,,
14-02-00317-0,JULIE CHEESE CRACKERS,1x700G,13.9,11766,Foods/Beverages,BAKERY/BISCUIT/CONFECTIONERY
,,,,,,
14-02-00330-0,SHOON FATT CREAM CRACKER SPECIAL(111),1x730G,8.4,11766,Foods/Beverages,BAKERY/BISCUIT/CONFECTIONERY
,,,,,,
14-02-00331-0,SHOON FATT SUGAR CRACKER,1x400G,4.2,11766,Foods/Beverages,BAKERY/BISCUIT/CONFECTIONERY
,,,,,,
14-02-00332-0,SHOON FATT BIG MARIE,1x265G,3.6,11766,Foods/Beverages,BAKERY/BISCUIT/CONFECTIONERY
,,,,,,
14-02-00333-0,SHOON FATT BIG MARIE(111),1x730G,8.4,11766,Foods/Beverages,BAKERY/BISCUIT/CONFECTIONERY
,,,,,,
14-02-00334-0,SHOON FATT COCOA MARIE,1x265G,3.6,11766,Foods/Beverages,BAKERY/BISCUIT/CONFECTIONERY
,,,,,,
14-02-00335-0,SHOON FATT CREAM CRACKER SPECIAL,1x400G,4.2,11766,Foods/Beverages,BAKERY/BISCUIT/CONFECTIONERY
,,,,,,
14-02-00336-0,SHOON FATT POPCORN CRACKERS,1x430G,4.9,11766,Foods/Beverages,BAKERY/BISCUIT/CONFECTIONERY
,,,,,,
14-02-00337-0,SHOON FATT NAIYU JAGUNG,1x350G,4.2,11766,Foods/Beverages,BAKERY/BISCUIT/CONFECTIONERY
,,,,,,
14-02-00339-0,SHOON FATT JOYFUL ASSORTED BISCUITS,1x200G,3.3,11766,Foods/Beverages,BAKERY/BISCUIT/CONFECTIONERY
,,,,,,
14-02-00341-0,SHOON FATT MERCETI BISCUITS,1x280G,3.6,11766,Foods/Beverages,BAKERY/BISCUIT/CONFECTIONERY
,,,,,,
14-02-00389-0,ICE CREAM CONES,1x105G,2.5,11766,Foods/Beverages,BAKERY/BISCUIT/CONFECTIONERY
,,,,,,
14-02-00395-0,JULIE LE-MOND PUFF (CHEESE),1x180G,4.95,11766,Foods/Beverages,BAKERY/BISCUIT/CONFECTIONERY
,,,,,,
14-02-00396-0,JULIE OSBORNE CRACKERS,1x136G,2.2,11766,Foods/Beverages,BAKERY/BISCUIT/CONFECTIONERY
,,,,,,
14-02-00397-0,JULIE CHOCO FUDGE,1x160G,3.2,11766,Foods/Beverages,BAKERY/BISCUIT/CONFECTIONERY
,,,,,,
14-02-00483-1,DELIO WAFER (MILK),24x16G,5.3,11766,Foods/Beverages,BAKERY/BISCUIT/CONFECTIONERY
,,,,,,
14-02-00484-1,DELIO WAFER (STRAWBERRY),24x16G,5.3,11766,Foods/Beverages,BAKERY/BISCUIT/CONFECTIONERY
,,,,,,
14-02-00485-1,DELIO WAFER (CHOCOLATE),24x16G,5.3,11766,Foods/Beverages,BAKERY/BISCUIT/CONFECTIONERY
,,,,,,
14-02-00519-0,MEIJI HELLO PANDA (STRAWBERRY),1x43G,2.6,11766,Foods/Beverages,BAKERY/BISCUIT/CONFECTIONERY
,,,,,,
14-02-00520-0,MEIJI HELLO PANDA (CHOCOLATE/CHOCMILK),1x43G,2.6,11766,Foods/Beverages,BAKERY/BISCUIT/CONFECTIONERY
,,,,,,
14-02-00521-0,MEIJI HELLO PANDA (DOUBLE CHOCOLATE),1x43G,2.6,11766,Foods/Beverages,BAKERY/BISCUIT/CONFECTIONERY
,,,,,,
14-02-00532-0,LEE 4IN1 ASSORTED BISCUITS,1x620G,8,11766,Foods/Beverages,BAKERY/BISCUIT/CONFECTIONERY
,,,,,,
14-02-00543-0,LEE CHOCO CHIPS BISCUITS,1x160G,3.7,11766,Foods/Beverages,BAKERY/BISCUIT/CONFECTIONERY
,,,,,,
14-02-00545-0,LEE SMALL MARIE,1x200G,2.7,11766,Foods/Beverages,BAKERY/BISCUIT/CONFECTIONERY
,,,,,,
14-02-00547-0,LEE CHOCOLATE CREAM,1x730G,8,11766,Foods/Beverages,BAKERY/BISCUIT/CONFECTIONERY
,,,,,,
14-02-00552-0,LEE GOLDEN DEW,1x200G,3.5,11766,Foods/Beverages,BAKERY/BISCUIT/CONFECTIONERY
,,,,,,
14-02-00553-0,LEE GIFT CLASSIC,1x200G,3.4,11766,Foods/Beverages,BAKERY/BISCUIT/CONFECTIONERY
,,,,,,
14-02-00560-0,LEE MARIE BISCUITS,1x350G,4.2,11766,Foods/Beverages,BAKERY/BISCUIT/CONFECTIONERY
,,,,,,
14-02-00562-0,LEE CORN CRACKERS,1x330G,4.2,11766,Foods/Beverages,BAKERY/BISCUIT/CONFECTIONERY
,,,,,,
14-02-00563-0,LEE SUGAR CRACKERS,1x330G,4.2,11766,Foods/Beverages,BAKERY/BISCUIT/CONFECTIONERY
,,,,,,
14-02-00564-0,LEE SPECIAL CRACKERS,1x400G,4.2,11766,Foods/Beverages,BAKERY/BISCUIT/CONFECTIONERY
,,,,,,
14-02-00565-0,LEE CREAM CRACKERS,1x400G,4.2,11766,Foods/Beverages,BAKERY/BISCUIT/CONFECTIONERY
,,,,,,
14-02-00566-0,LEE SPRAY CHEESE,1x180G,2.7,11766,Foods/Beverages,BAKERY/BISCUIT/CONFECTIONERY
,,,,,,
14-02-00572-0,ROMA KELAPA BISCUITS,1x300G,2.9,11766,Foods/Beverages,BAKERY/BISCUIT/CONFECTIONERY
,,,,,,
14-02-00587-0,MEIJI HELLO PANDA (MILK/MATCHA),1x43G,2.6,11766,Foods/Beverages,BAKERY/BISCUIT/CONFECTIONERY
,,,,,,
14-02-00614-0,QUAKER OAT COOKIES (CHOCOLATE CHIP),1x108G,3,11766,Foods/Beverages,BAKERY/BISCUIT/CONFECTIONERY
,,,,,,
14-02-00616-0,QUAKER OAT COOKIES (HONEY NUTS),1x108G,2.92,11766,Foods/Beverages,BAKERY/BISCUIT/CONFECTIONERY
,,,,,,
14-02-00619-0,LEE MOO MOO BISCUITS (MILKY),1x160G,2.8,11766,Foods/Beverages,BAKERY/BISCUIT/CONFECTIONERY
,,,,,,
14-02-00620-0,LEE MOO MOO BISCUITS (CHOCO),1x160G,2.8,11766,Foods/Beverages,BAKERY/BISCUIT/CONFECTIONERY
,,,,,,
14-02-00642-0,SHOON FATT CHEESE CRACKERS,1x120G,2,11766,Foods/Beverages,BAKERY/BISCUIT/CONFECTIONERY
,,,,,,
14-02-00645-0,SHOON FATT CHOCOLATE SANDWICH+20%,1x200G,2.4,11766,Foods/Beverages,BAKERY/BISCUIT/CONFECTIONERY
,,,,,,
14-02-00646-0,SHOON FATT CORN SANDWICH,1x200G,2.4,11766,Foods/Beverages,BAKERY/BISCUIT/CONFECTIONERY
,,,,,,
14-02-00647-0,SHOON FAT TWIST WATER ROLL,1x70G,2.5,11766,Foods/Beverages,BAKERY/BISCUIT/CONFECTIONERY
,,,,,,
14-02-00667-0,QUAKER OAT COOKIES (CHOCOLATE CHIP),1x270G,7.7,11766,Foods/Beverages,BAKERY/BISCUIT/CONFECTIONERY
,,,,,,
14-02-00668-0,QUAKER OAT COOKIES (HONEY NUTS),1x270G,7.7,11766,Foods/Beverages,BAKERY/BISCUIT/CONFECTIONERY
,,,,,,
14-02-00669-0,QUAKER OAT COOKIES (RAISINS),1x270G,7.7,11766,Foods/Beverages,BAKERY/BISCUIT/CONFECTIONERY
,,,,,,
14-02-00690-1,DELIO WAFER (ORANGE),24x16G,5.3,11766,Foods/Beverages,BAKERY/BISCUIT/CONFECTIONERY
,,,,,,
14-02-00693-0,JULIE FINGER LEMON,1x126G,3.2,11766,Foods/Beverages,BAKERY/BISCUIT/CONFECTIONERY
,,,,,,
14-02-00720-0,MY BIZCUIT (BELLCO/ALMENTO),1x96\120G,3.6,11766,Foods/Beverages,BAKERY/BISCUIT/CONFECTIONERY
,,,,,,
14-02-00726-0,LEE PEANUT CREAM,1x550G,8,11766,Foods/Beverages,BAKERY/BISCUIT/CONFECTIONERY
,,,,,,
14-02-00746-0,HUP SENG PINEAPPLE JAM COOKIES,1x143G,3.68,11766,Foods/Beverages,BAKERY/BISCUIT/CONFECTIONERY
,,,,,,
14-02-00747-0,SHOON FATT PINEAPPLE JAM SANDWICH,1x205G,2,11766,Foods/Beverages,BAKERY/BISCUIT/CONFECTIONERY
,,,,,,
14-02-00765-0,SHOON FATT LEMON PUFF+20%,1x200G,2.4,11766,Foods/Beverages,BAKERY/BISCUIT/CONFECTIONERY
,,,,,,
14-02-00786-0,LEE BUTTER COCONUT,1x510G,5.6,11766,Foods/Beverages,BAKERY/BISCUIT/CONFECTIONERY
,,,,,,
14-02-00792-0,JULIE OAT 25 (CHOC),1x200G,4.95,11766,Foods/Beverages,BAKERY/BISCUIT/CONFECTIONERY
,,,,,,
14-02-00803-0,JULIE LE-MOND PUFF (CHOC),1x170G,4.95,11766,Foods/Beverages,BAKERY/BISCUIT/CONFECTIONERY
,,,,,,
14-02-00804-0,JULIE CHIP CHOCO,1x200G,4.95,11766,Foods/Beverages,BAKERY/BISCUIT/CONFECTIONERY
,,,,,,
14-02-00906-0,GERY DARK CHOCOLAT ROLL,1x(16G*10),5,11766,Foods/Beverages,BAKERY/BISCUIT/CONFECTIONERY
,,,,,,
14-02-00919-0,LEE BUTTER SHORTCAKE,1x670G,7,11766,Foods/Beverages,BAKERY/BISCUIT/CONFECTIONERY
,,,,,,
14-02-00932-0,ATIS LAYER BISCUIT(ASST),1x140G,3.6,11766,Foods/Beverages,BAKERY/BISCUIT/CONFECTIONERY
,,,,,,
14-02-00933-0,HWA TAI PESTA TAWAR KECIL,1x500G,4.7,11766,Foods/Beverages,BAKERY/BISCUIT/CONFECTIONERY
,,,,,,
14-02-00934-0,HWA TAI PESTA  BISKUT MASIN,1x420G,4.7,11766,Foods/Beverages,BAKERY/BISCUIT/CONFECTIONERY
,,,,,,
14-02-00941-0,RITTER SPORT MACADAMIA (ASST),1x100G,10.6,11766,Foods/Beverages,BAKERY/BISCUIT/CONFECTIONERY
,,,,,,
14-02-00947-0,SHOON FATT MEFAR (COCOA/COFFEE)+20%,1x120G,2.4,11766,Foods/Beverages,BAKERY/BISCUIT/CONFECTIONERY
,,,,,,
14-02-00966-0,WIN 2 NUTRI 5 CEREAL CRISP,1x120G,2.2,11766,Foods/Beverages,BAKERY/BISCUIT/CONFECTIONERY
,,,,,,
14-02-00969-0,WIN 2 MINI POCKET WAFER,1x120G,2.2,11766,Foods/Beverages,BAKERY/BISCUIT/CONFECTIONERY
,,,,,,
14-02-00970-0,WIN 2 LOVER SANDWICH/STICK,1x120G,2.2,11766,Foods/Beverages,BAKERY/BISCUIT/CONFECTIONERY
,,,,,,
14-02-00974-0,GRONA CUSHION PUFF PASTRY (ASST),1x288G,5.2,11766,Foods/Beverages,BAKERY/BISCUIT/CONFECTIONERY
,,,,,,
14-02-00977-0,GRONA GRONUSKHY BISCUIT,1x210G,4.2,11766,Foods/Beverages,BAKERY/BISCUIT/CONFECTIONERY
,,,,,,
14-02-00982-0,LUSH COCOA CREAM COOKIES (ASST),1x68G,1.2,11766,Foods/Beverages,BAKERY/BISCUIT/CONFECTIONERY
,,,,,,
14-02-00987-0,APOLLO CHECKER STRAW CHOC WAFER (1733),1x(18G*24),6.5,11766,Foods/Beverages,BAKERY/BISCUIT/CONFECTIONERY
,,,,,,
14-02-00989-0,BIKA FIKA STRAWBERRY  WAFER BAR,1x70G,1.7,11766,Foods/Beverages,BAKERY/BISCUIT/CONFECTIONERY
,,,,,,
14-02-00992-0,MY BIZCUIT DIGESTIVE ASST,1x250G,3.4,11766,Foods/Beverages,BAKERY/BISCUIT/CONFECTIONERY
,,,,,,
14-02-00993-0,NABATI CREAM WAFER(CHEESE/CHOC),1x(23G*18S),7.9,11766,Foods/Beverages,BAKERY/BISCUIT/CONFECTIONERY
,,,,,,
14-02-00996-0,NABATI SANDWICH WAFER(HAZE/KIAPA),1x(40G*10S),8.6,11766,Foods/Beverages,BAKERY/BISCUIT/CONFECTIONERY
,,,,,,
14-02-01001-0,HF EUREKA POPCORN,1x80G,6.3,11766,Foods/Beverages,BAKERY/BISCUIT/CONFECTIONERY
,,,,,,
14-02-01003-0,NABATI CREAM WAFER (ASST)+30%,1x(45G*10S),8.6,11766,Foods/Beverages,BAKERY/BISCUIT/CONFECTIONERY
,,,,,,
14-02-01004-0,APOLLO ROKA CHOCOLATE BAR (A1080),1x108G,2.1,11766,Foods/Beverages,BAKERY/BISCUIT/CONFECTIONERY
,,,,,,
14-02-01006-0,WISMO BISCUIT STICK (BUTTER MILK),1x(30G*24),12.99,11766,Foods/Beverages,BAKERY/BISCUIT/CONFECTIONERY
,,,,,,
14-02-01007-0,APOLLO CHOC CRAMED WAFFLE A1600,1x108G,2.1,11766,Foods/Beverages,BAKERY/BISCUIT/CONFECTIONERY
,,,,,,
14-02-01015-0,JULIE ASSORTED BISCUITS,1x285G,7.5,11766,Foods/Beverages,BAKERY/BISCUIT/CONFECTIONERY
,,,,,,
14-02-01017-0,MAMEE MONSTER THIN THIN(ASST),1x(21G*4),3.3,11766,Foods/Beverages,BAKERY/BISCUIT/CONFECTIONERY
,,,,,,
14-02-01019-0,APOLLO MINI BAR 1350G,1x300G,4.9,11766,Foods/Beverages,BAKERY/BISCUIT/CONFECTIONERY
,,,,,,
14-02-01020-0,APOLLO BOYBOY WAFER (M/S/C) 1028 1034 103,1x(10G*15S),2.2,11766,Foods/Beverages,BAKERY/BISCUIT/CONFECTIONERY
,,,,,,
14-02-01021-0,APOLLO MINI MILK CREAMED  WAFER 1351,1x(6G*80),7.3,11766,Foods/Beverages,BAKERY/BISCUIT/CONFECTIONERY
,,,,,,
14-02-01022-0,MY BIZCUIT DIGESTIVE ASST (TIN),1x400G,10.5,11766,Foods/Beverages,BAKERY/BISCUIT/CONFECTIONERY
,,,,,,
14-02-01024-0,WIN2 (CHOCO/VANILLA) LOVER SANDWICH CRACK,1x(26G*20S),6.9,11766,Foods/Beverages,BAKERY/BISCUIT/CONFECTIONERY
,,,,,,
14-02-01025-0,MAMEE MONSTER THIN THIN (ASST),1x100G,3.5,11766,Foods/Beverages,BAKERY/BISCUIT/CONFECTIONERY
,,,,,,
14-09-00005-1,APOLLO LAYER CAKE (CHOCOLATE) 3020,24x18G,6.5,11766,Foods/Beverages,BAKERY/BISCUIT/CONFECTIONERY
,,,,,,
14-09-00006-1,APOLLO LAYER CAKE (COCO) 3040,24x18G,5.9,11766,Foods/Beverages,BAKERY/BISCUIT/CONFECTIONERY
,,,,,,
14-09-00008-1,APOLLO LAYER CAKE (PANDAN) 3030,24x18G,5.9,11766,Foods/Beverages,BAKERY/BISCUIT/CONFECTIONERY
,,,,,,
14-09-00009-1,APOLLO LAYER CAKE (ORIGINAL)3010,24x18G,5.9,11766,Foods/Beverages,BAKERY/BISCUIT/CONFECTIONERY
,,,,,,
14-09-00010-1,APOLLO LAYER CAKE (STRAWBERRY) 3060,24x18G,5.9,11766,Foods/Beverages,BAKERY/BISCUIT/CONFECTIONERY
,,,,,,
14-09-00012-1,APOLLO LAYER CAKE (COCO/MILK) 2010,24x18G,5.9,11766,Foods/Beverages,BAKERY/BISCUIT/CONFECTIONERY
,,,,,,
14-09-00013-1,APOLLO LAYER CAKE (BLUEBERRY) 3080,24x18G,5.9,11766,Foods/Beverages,BAKERY/BISCUIT/CONFECTIONERY
,,,,,,
14-09-00014-1,APOLLO LAYER CAKE (BANANA) 3050,24x18G,5.9,11766,Foods/Beverages,BAKERY/BISCUIT/CONFECTIONERY
,,,,,,
14-09-00016-1,LONDON ROLL (COCONUT),24x18G,5.9,11766,Foods/Beverages,BAKERY/BISCUIT/CONFECTIONERY
,,,,,,
14-09-00018-1,LONDON ROLL (VANILA/CHEESE),24x18G,5.9,11766,Foods/Beverages,BAKERY/BISCUIT/CONFECTIONERY
,,,,,,
14-09-00021-1,LONDON ROLL (CHOCOLATE),24x20G,5.9,11766,Foods/Beverages,BAKERY/BISCUIT/CONFECTIONERY
,,,,,,
14-09-00025-1,APOLLO CHECKER PANDAN (9030),24x18G,5.9,11766,Foods/Beverages,BAKERY/BISCUIT/CONFECTIONERY
,,,,,,
14-09-00026-1,APOLLO CHECKER ORIGINAL (9010),24x18G,5.9,11766,Foods/Beverages,BAKERY/BISCUIT/CONFECTIONERY
,,,,,,
14-09-00027-1,APOLLO CHECKER COCOA (9020),24x18G,5.9,11766,Foods/Beverages,BAKERY/BISCUIT/CONFECTIONERY
,,,,,,
14-09-00091-1,APOLLO LAYER CAKE (STRAW) 3021,24x18G,6.5,11766,Foods/Beverages,BAKERY/BISCUIT/CONFECTIONERY